event	sha	upstream_iso8601	disposition	evidence
1	57998c1085faad56dcd0d012c4996d35cb243a78	2018-07-14T11:34:12+03:00	baseline	-
2	cfcf737f717f6a9ad812bddf8ef7d1cf66e988af	2018-07-14T18:52:52+03:00	baseline	-
3	ce2a54e239fd983ef9739d21d4821c93635d0c7b	2018-07-14T18:58:43+03:00	baseline	-
4	cfcc41a5e7df2ff3a0e4841915cfb4b78b668d29	2018-07-14T21:47:46+03:00	baseline	-
5	52453be2310d129dd819f69701cc641a5729ac6e	2018-07-14T21:48:54+03:00	baseline	-
6	14320a1134fdb007ffc1263a5986d117136a5562	2018-07-14T21:53:23+03:00	baseline	-
7	3bf88d09ba6bc587892a9086bc1fe6bf7c316e4c	2018-07-14T22:43:51+03:00	baseline	-
8	db05fa851c42e8d59524611927d41db1f3678c7c	2018-07-14T22:45:29+03:00	baseline	-
9	caf0680b09ee210c188a99baac5b4869965250ac	2018-07-14T22:47:17+03:00	baseline	-
10	ce0f5e4d3b77e121de3bfb9fb770074c8597ab46	2018-07-14T23:13:38+03:00	baseline	-
11	239e87afd6de3fdb71be7f270491498f3464816d	2018-07-14T23:17:48+03:00	baseline	-
12	3a9377090ff57a0b12079751acffcc128950ea2d	2018-07-14T23:19:59+03:00	baseline	-
13	7ddf2611e490bbfe85f210c7b45ef52d6f46ec64	2018-07-14T23:29:48+03:00	baseline	-
14	d6964b8be723973a02bbb0302a4f6482c208fedf	2018-07-15T00:11:08+03:00	baseline	-
15	3ba19b2541eb250b3d5c1ae86dafcd5eacb0faa7	2018-07-16T11:10:22+03:00	baseline	-
16	d668051cfc60dc8bbcec2fd1c361b4aa1681391f	2018-07-16T22:39:32+03:00	baseline	-
17	cf61ee1c1cd931349b77ecafa5417cd000445f16	2018-07-17T12:11:16+03:00	baseline	-
18	a43cfef13bb1352ba1bf1478d6e28bc13fc30132	2018-07-30T00:48:21+03:00	baseline	-
19	2feebde75d21d75ea0ab6d2c6dfbdd7a75637ebd	2018-07-30T08:46:56+03:00	baseline	-
20	194eeeb9e1d41c5fc83fead1cc7a7b031eeb5199	2018-07-30T10:43:19+03:00	baseline	-
21	795155183388e19013b7b3728e0050a93d6b932e	2018-07-30T11:50:05+03:00	baseline	-
22	2b0674d8382c841ea922305de196341b539ee997	2018-07-30T12:05:59+03:00	baseline	-
23	f8c5ef15507d331357721f0168148e1fe1512254	2018-07-30T12:18:53+03:00	baseline	-
24	9f9aafe198086dde881e401ae725aa5d5f9b49b3	2018-07-30T12:55:11+03:00	baseline	-
25	2f79ed7c6541aea2710c54f9e52b84b2bcdc9b37	2018-07-30T18:04:21+03:00	baseline	-
26	49ea3fbdd725575db974f5052ede950491548992	2018-08-02T09:19:50+03:00	baseline	-
27	a37f937cb9da1a6acb3e12ae88e2a4f101cb53ef	2018-08-02T09:27:36+03:00	baseline	-
28	80d082a45e474d7d6590bd573a928219e2044228	2018-08-02T13:19:44+03:00	baseline	-
29	0c841b96883334c7a112248e835c83ad35287218	2018-08-02T14:47:27+03:00	baseline	-
30	35784064a24b2a69567af11fd9e87e8069ba41b5	2018-08-05T17:18:32+03:00	baseline	-
31	0947d4ffb028023c396e59ca78dad4c4a9a5db89	2018-08-05T17:51:20+03:00	baseline	-
32	b90405841095e8e21a87c78c37dd01797824738a	2018-08-05T18:17:35+03:00	baseline	-
33	015c518152739f13e9933193700aa5a8cafc3d1b	2018-08-06T10:32:24+03:00	baseline	-
34	f9430e4ffdb69558cc333dda2828fef83de97f7e	2018-08-06T10:43:48+03:00	baseline	-
35	4148c57b11b092201e5a632e3365747abc0a9121	2018-08-06T21:17:01+03:00	baseline	-
36	9f32a2fdeef00fa14f1f8d81aa2b37c9be067ac2	2018-08-06T21:18:09+03:00	baseline	-
37	5a0378833bec6869cf9f9ed4ee21372bad2e346d	2018-08-07T14:07:58+03:00	baseline	-
38	425d51925274929795656c4ed3065079d68551ad	2018-08-08T20:09:07+03:00	baseline	-
39	aae3b0f285854e8a32462ecb2db373dc0dd72c9d	2018-08-08T20:12:43+03:00	baseline	-
40	653a0581c6b5662ea4c5db48a54d79f2efb1416f	2018-08-09T17:19:43+03:00	baseline	-
41	c224b52782495854b064c7b6aab292ca6a06275c	2018-08-13T09:09:05+03:00	baseline	-
42	02b4800ddf842a16f5c9aa5b596fa50e254fbf55	2018-08-13T13:07:40+03:00	baseline	-
43	40933a216e106ed109f647634f4afacdc4b0bbe2	2018-08-13T16:26:37+03:00	baseline	-
44	4d87b468b1696c283da8d915aee960a3823e0ce9	2018-08-14T17:09:18+03:00	baseline	-
45	8212095d2aa48ced7baf20380f02a969ad7ccf6d	2018-08-14T17:12:09+03:00	baseline	-
46	d8959359b96152c16c0eb7e90f2d21285c76c753	2018-08-14T17:12:54+03:00	baseline	-
47	18a2b9a5b921dd698a02ea71dfb451b7cbe10cf0	2018-08-14T22:33:21+03:00	baseline	-
48	3e669616e45f6dcb7b7d85dbbb8eaa110a9b7a40	2018-08-14T22:37:02+03:00	baseline	-
49	d45009ef407c5a62b7f0aac383d2df77c3d78793	2018-08-16T12:18:49+03:00	baseline	-
50	e948b5bb66f6d672b2c1fcaf12d19cec1df45d2c	2018-08-16T16:21:40+03:00	baseline	-
51	baa75715f2b6fc11b59f59a33c3b4eaf3d833596	2018-08-16T16:33:52+03:00	baseline	-
52	72c0aec69998db93bbeeface48fff93b716240ab	2018-08-16T16:34:47+03:00	baseline	-
53	159b17fac72eb33767707daa6cada0984b99f85f	2018-08-16T16:35:58+03:00	baseline	-
54	f14e17e116eb3ff9f26dd1960856da67087cee63	2018-08-16T16:36:55+03:00	baseline	-
55	c67292bcb45ac2880f0dd72ad5f8cf397c7654b9	2018-08-21T01:29:55+07:00	baseline	-
56	f1ff6e1a610c6e608dd87ce24e59b8ef1ee864f0	2018-08-21T02:12:15+07:00	baseline	-
57	5404e3f4e033ca63637d7662e558426fbe90aee7	2018-08-21T21:05:34+07:00	baseline	-
58	28e290347c2e56850ed7362edb96f9a9a587688a	2018-08-21T22:29:38+07:00	baseline	-
59	94b34d2008c7705870c8e1f249626170de602081	2018-09-18T19:26:30+07:00	baseline	-
60	1d52237f744f0c365bf938dcebd35515b46367dc	2018-09-18T19:26:30+07:00	baseline	-
61	e8727eb1f40b1e4ebc7af3bf5ca2854578404e53	2018-09-18T19:26:30+07:00	baseline	-
62	6c754dc0b2fcb2478c1b4e8d7e2700cdcf31e8ba	2018-09-18T19:56:57+07:00	baseline	-
63	8a82eee58c9e6d51e5699672d51f51c095ca1769	2018-09-18T21:06:54+07:00	baseline	-
64	48a38575ccc7578492c7166ac8103849a7ab00e4	2018-10-04T21:08:29+07:00	baseline	-
65	9ad0964c241ded54601f5bec106407c0c4d99d18	2018-10-08T19:57:46+07:00	baseline	-
66	23d52b6432049ca7da3cb95c0d6dea403dcf16c8	2018-10-08T20:54:08+07:00	baseline	-
67	9cd6e2c0b18a022ba446a3ab5ff0f508061b3feb	2018-10-09T22:51:46+07:00	baseline	-
68	1dc744393547d26e04403bc8efacfc4aff2c088f	2018-10-09T23:00:05+07:00	baseline	-
69	85c6b10ff22c831dcda0bfd4acaa7ee6bd6e95c4	2018-10-10T15:44:43+07:00	baseline	-
70	0c9427d137d8ae43ac32c1573c6d8b38d591f631	2018-10-10T17:22:42+07:00	baseline	-
71	4439fd8ca882b5db545b3cf0ebf14caf2d9076cc	2018-10-10T21:58:46+07:00	baseline	-
72	fb34ea4fbbf6414343cdcf0783152953042ca51e	2018-10-10T22:31:24+07:00	baseline	-
73	5846decbdd82d558e1b205885420b20d41b5ba15	2018-10-12T14:15:22+07:00	baseline	-
74	7df0cdaecc80f4bed4a5bd3d3ca0644e413d7f35	2018-10-19T12:45:35+07:00	baseline	-
75	5c4a60db95b6508f03c29016e4c6d33ae8ed14ab	2018-10-19T18:34:26+07:00	baseline	-
76	59b1ec80812e34bef8d5985f79dc438fdf71a481	2018-10-21T15:20:49+07:00	baseline	-
77	3001a80fe4b4aa90779b78fd6dd39d9ceae2a13b	2018-10-22T14:02:44+07:00	baseline	-
78	3c8fc5752e86027b2e037b9cd616ae4ef2751ab1	2018-12-03T01:12:21+07:00	baseline	-
79	c80762175e08e882abcab3682d7e2da1c8e290f4	2019-01-19T16:13:44+07:00	baseline	-
80	dc7e436949190dd81021722ef627b49471cc72c2	2019-01-19T16:13:44+07:00	baseline	-
81	674ce6391cd8e7b52755f501c0fce30d3fc4e61b	2019-01-19T16:13:44+07:00	baseline	-
82	e4f3b41db0a08102e457115686fd240845c7c475	2019-05-28T00:09:22+07:00	baseline	-
83	820c64e041ce1fc4bcec58243b35d056b1f36667	2019-05-28T00:26:00+07:00	baseline	-
84	7d03f1d0f3e8f136df84cbfdb1bba077ad8b775a	2019-05-28T00:39:58+07:00	baseline	-
85	5a6d04454fc5d25685535a7feafc30f84b91ebea	2019-05-28T09:14:13+07:00	baseline	-
86	f4accb8e4a7f16817fa09c8897337dc1929eaecf	2019-05-28T09:30:13+07:00	baseline	-
87	c245100aba9bf87d816ec1e98637ddeeaa7af4a5	2019-05-28T11:46:16+07:00	baseline	-
88	19be64150e6bee40ed27f6096ee569817cec25b9	2019-05-28T11:50:30+07:00	baseline	-
89	e5a130f8d2fa84a45d39f716ebe5fb527cf61a35	2019-05-28T11:53:23+07:00	baseline	-
90	c4180c88471bc3a9bd82d8916b99f8c0793fa366	2019-05-28T12:05:21+07:00	baseline	-
91	976bf0f7a69bf31d391d69fcfcdc700c67528e33	2019-05-28T12:07:53+07:00	baseline	-
92	fbcab60fc2a630026ca3767e14f12d8d05bf9f08	2019-05-28T13:35:33+07:00	baseline	-
93	e7ea5346a8cf6d2704bfe235f5682cdfd1a8be56	2019-05-28T13:35:54+07:00	baseline	-
94	2c6cb0e8cf088726418f6af9341484addd86d7ee	2019-05-28T15:24:07+07:00	baseline	-
95	97f7f92cf4a4ee7dd4f09a9b5d28413c4796deee	2019-05-28T15:27:08+07:00	baseline	-
96	cddf3cf7e6a4b3c9ae72e4fa83c0aef989d04971	2019-05-28T15:31:39+07:00	baseline	-
97	c9e9dc85b632bf0616ca6b7f5b4325da17f888eb	2019-05-28T19:12:17+07:00	baseline	-
98	f7352f2ff046be5bc6b93faa0d38caf06f115ae7	2019-05-28T19:19:09+07:00	baseline	-
99	5a2cf6180118f9ecc4f40c54a08236fc1070528f	2019-05-28T22:32:55+07:00	baseline	-
100	90b81f2b11f63603ca208fd244b3ca5f6e74ea1e	2019-05-28T22:49:43+07:00	baseline	-
101	c7b2b09e0d022699e069c7175aacd0760865274c	2019-05-28T22:57:01+07:00	baseline	-
102	f7c65daf32affc639835d08bec7da385d0b7356d	2019-05-28T22:59:42+07:00	baseline	-
103	f9723f94fda0c95e090efc8ada9f35a43d5e6a23	2019-05-28T23:35:35+07:00	baseline	-
104	82b3eb2ccad881e4ae090d5f64b341cf6f9c5249	2019-05-28T23:39:13+07:00	baseline	-
105	cead43ccee2f734f3dd35883fb1f6a04ef4b860c	2019-05-29T15:48:06+07:00	baseline	-
106	4ad9e52cbc8e86f3f91f7c41eab5f3cd0371cb18	2019-05-29T15:56:40+07:00	baseline	-
107	ad915e49f716c2156d394f0c7670b633450f4c85	2019-05-29T21:15:58+07:00	baseline	-
108	fb5e067a6e2e02e764005927bf5b9fe63a5d3e1a	2019-05-30T15:56:08+07:00	baseline	-
109	42135c7ab80a3dd605997ddff866e2a25c802ddf	2019-06-03T06:26:58+03:00	baseline	-
110	8cb396578f409c6eadaabb58a0e6f4df9c474eca	2019-06-03T13:28:02+03:00	baseline	-
111	e4dc07f690b624bc4b012727c78615518ca26193	2019-06-03T14:26:57+03:00	baseline	-
112	40d583c3365ecd3f3dc2c481f8f7839a09d06800	2019-06-03T16:38:15+03:00	baseline	-
113	610792548c4f92f93601d8e66543f1d3e3b4683b	2019-06-03T18:27:44+03:00	baseline	-
114	d3fb3003f3d52b914d96a0e8bf20ef368b67b173	2019-06-04T09:20:35+03:00	baseline	-
115	03ace183d4eb8cb7d7e1a7bc889628fbd71368ce	2019-06-04T09:24:52+03:00	baseline	-
116	d08eeddc5c4d0bfa28c2d8312aefdf2048dbeddb	2019-06-07T16:47:22+03:00	baseline	-
117	c223cd5a6af5b7573cc8fc7db6be653e62853bfa	2019-06-07T17:06:49+03:00	baseline	-
118	fb71ce1a1a29a3b5809d6d457ffae1865f74e0c3	2019-06-07T17:27:43+03:00	baseline	-
119	eea41bc77e404a9ac9a8784bc6b7f9288eebf246	2019-06-07T17:34:48+03:00	baseline	-
120	a2340472058551c41feb89a0a7444ca6e38c78c5	2019-06-09T18:51:02+03:00	baseline	-
121	dd275daaefb6779e4445b88b6014fcea584f7137	2019-06-10T10:44:13+03:00	baseline	-
122	6180b0b32269d85269af823182d265d440f8a47d	2019-06-10T15:03:57+03:00	baseline	-
123	b28573d3c1434f2fd58b558ea88cb52fb8a4ff5c	2019-06-14T14:11:11+03:00	baseline	-
124	2a3a3fbb0862770e78fbc40b56768bfe221ac98f	2019-06-14T14:11:11+03:00	baseline	-
125	a6c84a21d98775eac383206a3100adecc13f939c	2019-06-14T14:11:11+03:00	baseline	-
126	3817bac8b43b09c7c6e2e59e5bd072338c86ab9d	2019-06-14T14:11:11+03:00	baseline	-
127	6bedd3bc7b3c21c2cbd1198f397b4ebe92da2d75	2019-06-14T14:11:11+03:00	baseline	-
128	c402fc5892a810ef714d56536da3d0fba2bec670	2019-06-14T14:11:11+03:00	baseline	-
129	3f0b911ab38d5171ef41a6a491214c7748cd3a38	2019-06-14T14:11:11+03:00	baseline	-
130	5c38ef496ca444e2294fe334055acb256714d3cc	2019-06-14T14:11:11+03:00	baseline	-
131	516cf10941f666648ec2e172ea5d78c9c71de929	2019-06-14T14:11:11+03:00	baseline	-
132	1236a98bb516a2787da0c8b8d23dcde6a5fbdb78	2019-06-14T14:18:29+03:00	baseline	-
133	f74bb8e1c0a21ddd30b112810236bd5e7a6ac30e	2019-06-21T14:18:54+03:00	baseline	-
134	665c6341e4d51b90dc0cdd8ca94cb8f834a7daf5	2019-06-21T14:18:54+03:00	baseline	-
135	42d5f86f723f7e2a4d67dd31400800e1bbc12dfa	2019-06-21T14:18:54+03:00	baseline	-
136	99d0e9909691fcc899463f7cbea75faad42cc03a	2019-06-22T14:22:19+03:00	baseline	-
137	5aed44ffadfd6411dcd007a599493b7d580c0ee7	2019-06-22T14:22:19+03:00	baseline	-
138	f6734a49adfe18a5cc05aa31b0147acd415127db	2019-06-22T14:22:19+03:00	baseline	-
139	d7ae4dc359d8a116690d5dcf4597b3ea02eb8b8a	2019-06-22T14:22:19+03:00	baseline	-
140	41cd1626583d88b4fd870ec62c100a811c006d29	2019-06-22T14:25:58+03:00	baseline	-
141	eeaac92e3c02d4b02c2a118c175efb5277e83275	2019-06-22T15:15:58+03:00	baseline	-
142	bc947d59e18e71c98adbed1d2ece4e539fda4f7c	2019-06-22T15:36:30+03:00	baseline	-
143	28f54822612bd936de3e4a108448e5fc15ef62e5	2019-06-22T22:48:47+03:00	baseline	-
144	4c7e9b9074fea22bfaab77f8b137b700f3d6f720	2019-06-23T15:10:54+03:00	baseline	-
145	6a984f4822abae718d63e70047fbb017c299bbd3	2019-06-24T09:37:08+03:00	baseline	-
146	686baab49d0ea248a2fa6183370b48918189bf05	2019-06-24T09:39:18+03:00	baseline	-
147	e0992ff21f22f41919a3572e250a665e4124ede5	2019-06-25T11:48:43+03:00	baseline	-
148	9b7ab10c22a5cdb684f789f7f9d10fae1bddea9e	2019-06-25T14:07:46+03:00	baseline	-
149	b16885f656fa4183335cf2689b9250d402861ffe	2019-06-25T14:49:03+03:00	baseline	-
150	a70bd891a3b008cd2af1625708da0f0204821abf	2019-06-25T15:42:57+03:00	baseline	-
151	f7bcbfa4384325ec1b3909f4874cffaeb7e412e1	2019-06-25T16:03:27+03:00	baseline	-
152	0fd1cfa118fe8fec510c69fe99ba71d38849cfb1	2019-06-25T16:25:14+03:00	baseline	-
153	16131b13725a06d8665773d4e211b3c12381842c	2019-06-25T18:25:24+03:00	baseline	-
154	261808bc8b4c9c7b57357431ad8181004f11de2e	2019-06-25T18:31:47+03:00	baseline	-
155	36418e3d306bcfa90ea37dfe1a83e6d7aaa20fc1	2019-06-26T10:17:39+03:00	baseline	-
156	7772449d673443427c47e31e22979595a382409f	2019-06-26T10:35:59+03:00	baseline	-
157	20f453e64e58cb9646c97c86ac003be8ef3c1327	2019-06-26T10:41:49+03:00	baseline	-
158	e49f6ddb387b48fdc292e2fe32468517aa090a10	2019-06-26T11:21:45+03:00	baseline	-
159	4f8a827cfb0dcfbc3825e7ec3a9475c9c22a9a6f	2019-06-26T15:12:36+03:00	baseline	-
160	18450eb4e1d9051d06cc6c403a9ff002b328db5b	2019-06-27T12:06:15+03:00	baseline	-
161	a142a711fc376855cd1148456fabceb57f61b915	2019-07-01T10:57:07+03:00	baseline	-
162	c94338028ce226a675b7a3561c4880c71cf6d8eb	2019-07-01T11:54:28+03:00	baseline	-
163	c8e6177e2a7492775bedd6ac2e8caa290fbed8b1	2019-07-01T11:57:25+03:00	baseline	-
164	39b3b7e7602c13fb1e6aba6c17a073667a665722	2019-07-01T11:59:32+03:00	baseline	-
165	5cd63d2047695852e4672b2e5fdf2cc9c6e92b7b	2019-07-01T12:00:43+03:00	baseline	-
166	113c6c32a509d57e9d2ba42967dffbe04ae3e201	2019-07-01T12:13:34+03:00	baseline	-
167	39a44ff437bdc78eba1cbfd59ee37caae8409fd0	2019-07-02T09:08:54+03:00	baseline	-
168	ffd0910f094f03f258b4c174497f39213308e287	2019-07-02T09:45:41+03:00	baseline	-
169	f8a398e198e091703b60683c1310803fd5fabc18	2019-07-02T14:34:48+03:00	baseline	-
170	c5c8394a6022d35441a2486180ebe728c2d73299	2019-07-02T14:36:09+03:00	baseline	-
171	9c096dbcfb99ec4f3f42a846c34e86864c062145	2019-07-03T21:23:47+03:00	baseline	-
172	2541a82766aeeb65e428392084705a6a844fd207	2019-07-08T19:05:27+03:00	baseline	-
173	be55ef0d23c063157d069814df86a3606cffb45f	2019-07-10T13:06:00+03:00	baseline	-
174	85ffe5789329ee006f0fb30b4d18a1d42fe8c924	2019-07-10T13:59:45+03:00	baseline	-
175	95d009d93f4efe1974f24added7b281f75736835	2019-07-10T15:45:55+03:00	baseline	-
176	f0b9330215f4715f43e3599bb7a32d7bd850ca97	2019-07-10T15:47:12+03:00	baseline	-
177	40ac5c906939db3b726d1a6830d1b45427c36a25	2019-07-10T15:50:48+03:00	baseline	-
178	dbd7055c791c2ed417feb336178dc5efd8cad476	2019-07-10T17:37:00+03:00	baseline	-
179	a9c637c6269f65514feb6df90d9bfea3ecc0b68d	2019-07-12T15:30:56+03:00	baseline	-
180	7b51ef010ddab6803534a37ae3d8ecbeb62bc726	2019-07-12T15:42:31+03:00	baseline	-
181	ba4d73916e208349c508f5d71bec1f60007b11be	2019-07-17T16:16:34+03:00	baseline	-
182	7157a9746eacd91db1d6b4a351833ba139df7b6e	2019-07-17T18:51:14+03:00	baseline	-
183	0223e4dcfd8bb7ec7e5f5c1266f02474df0354f8	2019-07-22T10:49:41+03:00	baseline	-
184	bc1f8aca1bb45bef2cbedd52baa8df24ec627a6f	2019-07-22T11:32:51+03:00	baseline	-
185	9449c89f5e277eb2ce439695fdc81f3f4f7cacce	2019-07-22T11:34:58+03:00	baseline	-
186	5256953dc7b9fc8c5a192f496987e688558bc476	2019-08-08T15:39:19+03:00	baseline	-
187	33a808e9f8835ba017273759a1441fb256b22ae4	2019-08-08T16:20:57+03:00	baseline	-
188	6f0c8555bad3d5ab09f35c1ef3c3047382514e3c	2019-08-17T21:57:16+07:00	baseline	-
189	a97d10e66a207bffb67f503fe58297fb14f3ee1c	2019-08-18T13:57:14+07:00	baseline	-
190	66d58ff8beccfc6ccf8a9ff20fe51fb5126ca984	2019-08-19T11:09:24+07:00	baseline	-
191	4355ef01e1678aed5afd4f8a53a25f5fd4b0a009	2019-08-21T13:36:27+07:00	baseline	-
192	51ea1bffb0186b8b6131c1f6918a0b8ed095db2e	2019-08-26T11:34:51+07:00	baseline	-
193	f56eaed397d9e39ddab013842f9864865f59781c	2019-08-26T12:48:17+07:00	baseline	-
194	3bf0f26ca8f32e89b6ff0304b6d516615e65806e	2019-08-26T12:56:42+07:00	baseline	-
195	692afd2df7d0e2ffcb7697013889d23aaba7418b	2019-08-26T18:51:28+07:00	baseline	-
196	b7135ed3cdee4e8241c918dbd17138b1be6e458f	2019-08-26T18:53:51+07:00	baseline	-
197	92a87de71310001cd2d4809b91156991025f0ce2	2019-08-26T19:01:48+07:00	baseline	-
198	2acac392c0b7fa4e1b8883cd88d9eaebc45c5aeb	2019-08-28T14:39:54+07:00	baseline	-
199	9402acddc90d47b20827c96f0b54980ef7bf75b3	2019-09-03T18:53:07+07:00	baseline	-
200	4d40254bf70e2ba6f90dea9cc5d36e96336bbe84	2019-09-26T22:00:31+03:00	baseline	-
201	dbb54f282a1e8a1edc1d298af45dc33a47732e8d	2019-10-05T13:38:41+03:00	baseline	-
202	ab2a00b2a7935aa2bdb93ad298e026bdcff8b545	2019-10-05T14:21:55+03:00	baseline	-
203	50bdb0ebb8b62eb7a639b757e7009c5a4bfc6fc8	2019-10-05T14:25:23+03:00	baseline	-
204	affb30e299e4221d9efed33a39d0235ce3625575	2019-10-05T15:03:40+03:00	baseline	-
205	bd1793cb346bb6151c4bce34ff98a04b3a788781	2019-10-05T15:12:36+03:00	baseline	-
206	427f4d750d9d840d14cc914e9bd82714d9e886ab	2019-10-06T09:46:30+03:00	baseline	-
207	d784db2a32c1c125a1a0af64f0989d6f9960f49a	2019-10-07T17:02:38+03:00	baseline	-
208	7809190d2c6d2147a218e3ed43831358aafaa988	2019-10-07T17:02:38+03:00	baseline	-
209	37417ac12da1fb30b05344632292df2eb869a3a3	2019-10-09T09:46:13+03:00	baseline	-
210	54e885c27967ebe13e0eb580ebae5a267fbf3bb1	2019-10-10T17:42:36+03:00	baseline	-
211	5db8a523dbf2764c59be32ddc745a4ec01895f7c	2019-10-11T13:34:15+03:00	baseline	-
212	56c79cc88f7f67f7925e68395f047cf5753eb056	2019-10-15T14:43:03+03:00	baseline	-
213	5e64f7b723ac47c63b1dff004860a25f34b646fd	2019-10-15T15:12:06+03:00	baseline	-
214	6e1e72c92fbe321391a795293ccac03bf920862b	2019-10-15T15:25:28+03:00	baseline	-
215	daf9843514ed2cd11c9f40960449a47c11819be1	2019-10-15T15:27:49+03:00	baseline	-
216	ffa18bb7f7f1522f14ba1c3e8fff4a7bf1355483	2019-10-16T11:07:24+03:00	baseline	-
217	8712824f3b0ff815c60d3145cd6dd40e39621fc2	2019-10-18T10:32:59+03:00	baseline	-
218	e07955a89b4e0b9b3eb09874c47b6f0c52880f61	2019-10-21T11:35:56+03:00	baseline	-
219	4d2b11c339ad15e31e550f95f8f87ebd305e989f	2019-10-28T14:34:01+03:00	baseline	-
220	211ae69cabbd4e228b879ef26123b8c6776e16d9	2019-11-06T16:27:10+03:00	baseline	-
221	1042ff41858772449f24baa4781433f3323f5bec	2019-11-07T11:45:37+03:00	baseline	-
222	c9f3ed903dfd177e1b71f9c3e95f31f602d880a5	2019-11-07T12:17:02+03:00	baseline	-
223	536f4568d06f188289004b6244310628bec7dabe	2019-11-07T12:19:40+03:00	baseline	-
224	1750dc9915a40df6a43ee93f193997ef3d7ad607	2019-11-13T12:40:30+03:00	baseline	-
225	75e76e6eb69f6e8a25974ead527c48f42ca5b4fb	2019-11-18T09:17:02+03:00	baseline	-
226	73253fa3d7f2902c5c3be75a9775b6f1aa47157e	2019-12-11T18:11:14+07:00	baseline	-
227	6702ac6a37f2e38cacd18f744efaa7f223621218	2020-01-21T01:50:52+03:00	baseline	-
228	195ac5ba9ce3e8231eba6bc4fd9c584bae4525f5	2020-01-24T14:53:53+03:00	baseline	-
229	0d28b64fa26c214f458c2677211452d91317f906	2020-02-14T14:06:05+03:00	baseline	-
230	52ea595330aa03c0592d719c2ff0f7472baa0c8f	2020-02-14T14:06:29+03:00	baseline	-
231	a201473a6771478cfdac8a8313c1e6ba33a9dd5e	2020-02-20T16:51:49+03:00	baseline	-
232	daa3bfc1a87f0faa48fdbacf9eb0c9efd799f676	2020-02-20T16:55:28+03:00	baseline	-
233	ab801d45ccfb904927d14466470b9480c1dd0937	2020-02-20T16:59:15+03:00	baseline	-
234	3c6ea97fa9dbe021bf4cd4ff0127ab95faeb05e4	2020-02-21T10:14:14+03:00	baseline	-
235	70c31acb12138ec982e1c969e12b493ed59b70e8	2020-02-25T09:33:17+03:00	baseline	-
236	0aa0b2251a7f21d6f13f7c2ff239514350fd4e48	2020-02-25T09:33:17+03:00	baseline	-
237	20835b5a2722178129b5b58b1b52fa031c31cc3b	2020-02-25T09:33:17+03:00	baseline	-
238	404cea2ee3d3506e68a580582b474ecb9b92b3c6	2020-02-25T09:33:17+03:00	baseline	-
239	a3582e9c6d39193a53f7bc0082e94d117384970c	2020-02-25T09:33:17+03:00	baseline	-
240	b2422fcbbd1e6aed48d0c3f9e592a2ec58ea6ee0	2020-02-25T09:33:17+03:00	baseline	-
241	95fa24ffd7f09aa8767d957aa65fea44bf5b1cee	2020-02-25T09:33:17+03:00	baseline	-
242	f0783cdfe3afdf630bd0ca47b2f2b04a39b1c927	2020-02-25T09:33:17+03:00	baseline	-
243	75fab49425f91b4ca891435983a64c2014595e0a	2020-02-25T09:33:17+03:00	baseline	-
244	852f6f5b00cb8a68988a0953b1225f96264148f2	2020-02-25T09:33:17+03:00	baseline	-
245	cf9ae3dbdba274665b0f890ca42c46233292f290	2020-02-25T09:33:17+03:00	baseline	-
246	4d54f2b63eb84c34379c66e3d52da0b6f23e7c38	2020-02-25T09:33:17+03:00	baseline	-
247	8648be908d5fcdbb01ae4efe74dc92c9cf373bb9	2020-02-25T09:33:17+03:00	baseline	-
248	adf4c40942ba3bd0bb7ebdec97ffc7da8ba59559	2020-02-25T09:33:17+03:00	baseline	-
249	930046bb5826da1e908f93dba3d973e5c8bb8f87	2020-02-25T09:33:17+03:00	baseline	-
250	99cd9ee4117bc563fca47eff0d0a3fdb65ba5f07	2020-02-25T09:34:11+03:00	baseline	-
251	472ba4068827bdac59fb266f59f4a1c020e396e2	2020-02-25T09:34:57+03:00	baseline	-
252	b222077e760ed82a60351fd4d5ce223a3c72a77a	2020-02-25T10:15:41+03:00	baseline	-
253	8294514953b0b3be68c26611a7a11fc311eae1e0	2020-02-25T13:50:59+03:00	baseline	-
254	17ab7197f086a116617aae97daf22221fc5959fd	2020-02-25T14:46:38+03:00	baseline	-
255	0ea1051155109ebbc32dbe3b8d431b07ff81b84a	2020-02-25T17:39:06+03:00	baseline	-
256	14a9364cffaec41ac656153ff88096d60d31c8c8	2020-02-26T10:38:10+03:00	baseline	-
257	0271673347ec1ea2241f69f63d3a92157c841813	2020-02-26T10:56:08+03:00	baseline	-
258	3e7d20e0b219d7dad26f0d01d0e540460a0b622c	2020-02-26T11:12:29+03:00	baseline	-
259	79ed70d5a38712acbbfe8fdbb11bfcc3e38a6c92	2020-02-26T12:13:59+03:00	baseline	-
260	10df61612919541db69236744d65cca3b7b4fd96	2020-02-27T09:02:11+03:00	baseline	-
261	5cb0507e001222314889aa8d243df762e58977cb	2020-02-27T09:10:07+03:00	baseline	-
262	07dcc3d8ecd1bbb055e5b261b895ea965706f18d	2020-02-27T15:51:17+03:00	baseline	-
263	2482543a34f5575ddf3ca5e236ddab8ef3c14b9e	2020-03-02T13:43:39+03:00	baseline	-
264	9217dda7b2c6f0fcb927e977c9396ce316fda89f	2020-03-02T13:47:15+03:00	baseline	-
265	d06fea95b1d7c4a959dea8d9119b00ccfd0bc33e	2020-03-02T14:56:50+03:00	baseline	-
266	947771f04c8b15a6e50bff3dbebc388b8d0bbf72	2020-03-02T15:05:32+03:00	baseline	-
267	b72d0f76e234d36f5e250bb3911a1e2e6e1ed5e6	2020-03-03T09:12:18+03:00	baseline	-
268	d61393d448c7889d8988cc8eb2ed89649d621f33	2020-03-03T09:13:03+03:00	baseline	-
269	360764046492cfb3c2de0daaeaf4e412ca03d63d	2020-03-03T11:34:44+03:00	baseline	-
270	b72131bcd6496f2e1b22eb7c7f19540d79c3d7a3	2020-03-04T09:15:19+03:00	baseline	-
271	0cf3b1f264fa9ed453d0f82d62f6998ba266204b	2020-03-04T09:41:20+03:00	baseline	-
272	13d13fdcb2caa2010185541af058e14f1196d2b8	2020-03-04T10:50:26+03:00	baseline	-
273	e498575f8b081323df25842a395f42ce8acbec43	2020-03-04T11:00:50+03:00	baseline	-
274	05175c9f916f2cb02871b17c21c9ce5a16a8408e	2020-03-04T16:12:02+03:00	baseline	-
275	821f08941b7cf83bc92d3872157f9ae5fb8a6728	2020-03-04T16:12:02+03:00	baseline	-
276	75e007860e76a5e4527ccd509371409b82c2db4d	2020-03-06T14:26:58+03:00	baseline	-
277	93941b0fd96aa8ef53092210f656a3be041c4677	2020-03-06T14:51:14+03:00	baseline	-
278	28f06f1bf8fd0bce43be5a2863ee68fb874c16f9	2020-03-10T08:36:12+03:00	baseline	-
279	4f98e775757c6ff2a602f7879c4bce7288059fd0	2020-03-13T08:35:43+03:00	baseline	-
280	9a1c8f7c9bbb5381d1d9b52a1b9d75461512fa69	2020-03-13T13:19:04+03:00	baseline	-
281	16e2929d1e6c18fe407811ed4ffbd379ed0e7223	2020-03-16T16:29:25+03:00	baseline	-
282	d92e2ec6a6dd77eafbed3997a6c35bf6d1ff906b	2020-03-16T16:29:25+03:00	baseline	-
283	182716cf8229a7f6443c9846bc2549638c614c7e	2020-03-16T16:29:25+03:00	baseline	-
284	6ebd95ad5519fea051c42182e022f0c9d22baedf	2020-03-16T16:29:25+03:00	baseline	-
285	8ec0158f30944dd71319c2056040cce013ecc009	2020-03-16T16:29:25+03:00	baseline	-
286	546dfc990e7eaacfdcca9267211d3af45b732f79	2020-03-17T20:42:51+03:00	baseline	-
287	0f43d1fd451f6e54becf90c245b398ac9cdf9945	2020-03-20T15:26:46+03:00	baseline	-
288	e027ff6155b4f1201793f194e1b6cf8381e19820	2020-03-21T13:41:18+03:00	baseline	-
289	eb09e1d5011e0744129dbe11149af395e073db56	2020-03-24T18:03:32+03:00	baseline	-
290	30777b6aec975c04cedfeaa9f8b48c5b9f281031	2020-03-24T18:25:46+03:00	baseline	-
291	6723e6943a80b912c4669b3aee3105ac6ef66911	2020-03-25T15:58:41+03:00	baseline	-
292	1cd950ae81db037955c36e72a07e849fe47094e7	2020-03-25T16:05:13+03:00	baseline	-
293	d3a3d66c0de919b3ec3a6e74c887892aab50bdec	2020-03-25T16:06:04+03:00	baseline	-
294	cb94a394189822021883ea3703016db7bb82f254	2020-03-25T16:07:15+03:00	baseline	-
295	d7ffa9a7b7bd496da2dcb7426105901223e49899	2020-03-25T16:30:02+03:00	baseline	-
296	aa52e70751c1b724633d4d2b0ec1eb689f6219db	2020-03-26T18:30:30+03:00	baseline	-
297	5ff12808f0af133092705f1c79820d0100c060b4	2020-03-26T21:17:47+03:00	baseline	-
298	637431e01057b034c6c83fbee4224fb2b3d527f3	2020-03-27T15:25:51+03:00	baseline	-
299	d676309683930b9a34c53b36e04c47d47b3b3e69	2020-04-19T15:42:34+03:00	baseline	-
300	8d1f4e86f3ff39aeeb3f499c3267a45b6c1bba19	2020-04-23T22:34:31+03:00	baseline	-
301	11be624a8804856ddf8268ac0b90b1d94580ccb0	2020-05-10T13:51:54+03:00	baseline	-
302	ec784bf21ce9a93b0a53024771ed5c871315ff4d	2020-05-10T13:51:54+03:00	baseline	-
303	f006ea40d3bed7ef68f73f810030f0e8152e44c2	2020-05-10T13:51:54+03:00	baseline	-
304	337130da884e8b5c18caecfe5e44ec11da815e3b	2020-05-10T15:16:43+03:00	baseline	-
305	022271e34333120cd87daea4521e6a25b8ad1486	2020-05-15T19:03:50+03:00	baseline	-
306	d22339dcf062dcffa2a40e751a0b46d2e1f9b9d7	2020-05-15T19:10:01+03:00	baseline	-
307	ec30886e13ef3f33d604ae7ac39946e4a333a8e6	2020-05-18T21:00:37+03:00	baseline	-
308	3edd80d1fb0a72fa4147505972fc9a0d2280beaf	2020-05-19T10:34:49+03:00	baseline	-
309	e6958d37203f7a8eefc02f26f29eac14bb9a1f4a	2020-05-20T19:02:30+03:00	baseline	-
310	7dd2fd39e4cc52b0b68694294e2414b59785a535	2020-09-09T22:07:26+02:00	baseline	-
311	b1439bf3adb58f74f162e2cae24d95079e5cfa91	2020-09-25T11:02:02+03:00	baseline	-
312	34e34f12f10294ced3f037181648c36af338f1bb	2020-10-24T00:31:44+03:00	baseline	-
313	577624def796173b93e008e30a2693017238404c	2020-10-24T00:39:20+03:00	baseline	-
314	b8bf4933cb3706b859d784b29dedb97c86195515	2020-12-03T22:34:57+01:00	baseline	-
315	a2fe7e0e5312f058c6c03ea7f57b98ec049d42a4	2020-12-14T14:39:15+01:00	baseline	-
316	ab8813741bb89fde3c72e0ac45935ce1bab24814	2020-12-24T15:52:59+03:00	baseline	-
317	ddd630dfe874e501ca403579585936deff126451	2020-12-24T14:03:09+01:00	baseline	-
318	05a8d873861832057ff57b40aa388ae03549a513	2021-02-25T09:44:07+01:00	baseline	-
319	d389a61c1333215fad33523ca988970f6e77a2b6	2021-02-25T09:44:07+01:00	baseline	-
320	2c1881a9909453f9f1047886d9be0b94e0ba5c48	2021-03-01T13:19:14+03:00	baseline	-
321	ea624360c6af239be0a4f67b366f060401572348	2021-06-04T13:40:55+03:00	baseline	-
322	baae791a9321e8570785ea18814d0697057b2a00	2021-06-07T22:53:12+03:00	baseline	-
323	da4c23e1ae39c67a7e2f5bc96d772573483ec359	2021-06-15T23:57:54+03:00	baseline	-
324	aad1dca551ed32624bfdfd05c156f15560ad18c9	2021-08-01T17:31:47+02:00	baseline	-
325	13e1bdc7bc2015fcf3bccf758d07e986211b42bb	2021-08-04T09:43:29+02:00	baseline	-
326	e44f946904ab505f2adefab3edf2d32eb3f98c66	2021-08-04T11:18:03+02:00	baseline	-
327	e0e26fb3da26bf8791508fadc3e8d316d176217d	2021-08-06T08:01:05+02:00	baseline	-
328	61986846323ad94a7fea96aabc99ee56b36b67eb	2021-08-10T08:08:27+02:00	baseline	-
329	16bee8c7ddf00186044e2facea77b4c1e8519466	2021-08-11T10:48:25+02:00	baseline	-
330	57c90513a9196098eeb660674620118fe5d8e732	2021-11-30T05:28:43+01:00	baseline	-
331	243ed2dd51a4186e60cd56a17a2bf8e1ea370af0	2021-11-30T05:28:54+01:00	baseline	-
332	e2b479fb6de519f27cb0a15e2c4aa894256e05ac	2021-12-16T09:19:02+01:00	baseline	-
333	366fbe6fbb70bd4e3c4f44a856c2f652dd6987b8	2022-01-14T23:15:59+01:00	baseline	-
334	fba6d318c112faa17699d79dd91c86eb66e5ef98	2022-03-23T12:04:46+01:00	baseline	-
335	d71dab79bac52529bce7f38771d69cbeefaf1a32	2022-05-24T21:38:59+02:00	baseline	-
336	c774746c73657d7997d6a6cc192f44b1f0643d75	2022-08-10T17:22:01+02:00	baseline	-
337	cd021ef02027b1e736f3f5b408ba733a7f45fc5a	2022-10-03T20:40:53+02:00	baseline	-
338	70109299fa7df9e368e40d51416fd797330d910b	2022-10-06T11:12:49+02:00	baseline	-
339	1f0109b35919ce9a042eebb596c37bac4a7b49e7	2022-10-06T22:17:14+02:00	baseline	-
340	3a2a7345bd53de1c1463b6aada103dde9a3361a2	2022-10-06T22:17:14+02:00	baseline	-
341	c8332c0ec489b2352299ac36376201cebf3ce1cd	2022-10-06T22:44:59+02:00	baseline	-
342	3499277c105c00d378ddc4fe704c570bbfc4b447	2022-10-06T22:50:06+02:00	baseline	-
343	a5df4ac263a73495b41570f3186d4445a48617f2	2022-10-06T22:56:35+02:00	baseline	-
344	c5c8c1897fac8a6a8f693b14a8e1550f9235c893	2022-10-06T22:57:52+02:00	baseline	-
345	be7b47d4d00d1c5a10aa911213acc81e8ab8228f	2022-10-06T23:24:37+02:00	baseline	-
346	2e98d8d945b4102c243b9933febc32daee44ecfa	2022-10-07T00:16:19+02:00	baseline	-
347	d67112e5fa68e7fdaddafe387d72b71b391c2864	2022-10-07T00:40:07+02:00	baseline	-
348	e8e8171d4f3f06836133a52da8a5bb666efdb4ed	2022-10-07T22:32:29+02:00	baseline	-
349	93e74ff53ee804120b66dca28e22586da86e73b9	2022-10-07T22:34:20+02:00	baseline	-
350	f72662b57f5226f1098c241dcf4a2395e1ff6984	2022-10-07T22:39:42+02:00	baseline	-
351	b2169b4bf399da939cf4ebb6a5d2d4ab4e1e465a	2022-10-07T22:42:01+02:00	baseline	-
352	f43b9aed0e1454b0c4527f652f5b4b80859c208f	2022-10-07T22:43:37+02:00	baseline	-
353	7e5488cdc3af92b3e6e32e8c68e75cf8c0409cec	2022-10-07T23:16:02+02:00	baseline	-
354	418825b154748ce511595f227184b0b2cd42d190	2022-10-07T23:19:58+02:00	baseline	-
355	b03c25ed3b292ae75c6ded185bce852c4e09e37c	2022-10-07T23:21:56+02:00	baseline	-
356	09f277cc39b380fb59da145664c7986b62a3bb12	2022-10-08T11:33:32+02:00	baseline	-
357	b536c2807c8dc916803a1ce727b9056da901e62a	2022-10-08T11:34:14+02:00	baseline	-
358	cc6dd7541459d20f2c1332bf8bdb20a6339013ea	2022-10-08T11:37:42+02:00	baseline	-
359	ffc04b411a301d3d40725579094f9eb82de32676	2022-10-08T14:58:37+02:00	baseline	-
360	a220bfef90e14cb38bba4514a79c5646e0712000	2022-10-09T00:24:10+02:00	baseline	-
361	29f425a5ff04c873e6581707da3411fc96dbc25b	2022-10-09T00:30:06+02:00	baseline	-
362	3e9ba13eeda4593fe1c8fdaa7418d4ce9db0068f	2022-10-09T10:27:00+02:00	baseline	-
363	eb8687e6643144097749e01d3ee90a188b4057f2	2022-10-09T10:38:31+02:00	baseline	-
364	51a8a743c1e41a4396ec8cefdfbc2dec838c45e8	2022-10-09T10:45:03+02:00	baseline	-
365	586b86b462d22497d442adbc924bfb701db3075d	2022-10-09T10:58:13+02:00	baseline	-
366	dcf3f356922f9943786e7f87d5aad9afdcde699b	2022-10-09T12:28:51+02:00	baseline	-
367	626635bff07cd79c673639070dc7a259e60d9686	2022-10-09T12:53:30+02:00	baseline	-
368	14281d8076aeb8072857c02a29004804d81689c5	2022-10-10T20:26:59+02:00	baseline	-
369	cc40c254493444c7ad06fcb2345e45e13b415ebd	2022-10-12T15:22:14+02:00	baseline	-
370	115dc2a6b512d4345bd205956d2fcb5dd9e76117	2022-10-13T10:01:35+02:00	baseline	-
371	b5c2bd0a1e848cff202b937bff25ad0f05ce0820	2022-10-13T10:39:56+02:00	baseline	-
372	4aa995432b6c99946a3c14ffe7b909934103a2b9	2022-10-13T10:42:38+02:00	baseline	-
373	d530408df5f5695740deb2491784b1d6c854336e	2022-10-13T18:59:12+02:00	baseline	-
374	d4fe6bc80db491087e9fb338c4df666a0df81b08	2022-10-13T19:33:55+02:00	baseline	-
375	c3f6e0a313d11df0ef225a707e5f0dc100090475	2022-10-13T23:51:05+02:00	baseline	-
376	68bd5a7527fa0980d773e26dca1037e0a2ded337	2022-10-13T23:56:44+02:00	baseline	-
377	6127eaa75aa6ca6eaa8afa8580d1a0e269e1a86d	2022-10-14T16:23:41+02:00	baseline	-
378	ab243638d9522b169d68ac95ecd7472d7e3c5180	2022-10-15T13:37:07+02:00	baseline	-
379	3cc7645efad9fe60dbd818f5622cddad1b84dffd	2022-10-15T15:59:39+02:00	baseline	-
380	686938b0b1cc55eeea21e24dfb48b9d00fabcebf	2022-10-15T20:31:04+02:00	baseline	-
381	93cc7f036065a7dc021bcc5b52aa74b788e7afd2	2022-10-15T22:52:40+02:00	baseline	-
382	5051ecaeda5cf475d9e4d8f3a14ed8955d4de551	2022-10-16T20:21:34+02:00	baseline	-
383	baa286d37bab0e2a79fa5f4ad8b527ecdd585e5e	2022-10-16T22:09:38+02:00	baseline	-
384	bc1b00b20aea34b7d56d26bcebf3addac9564216	2022-10-16T22:12:25+02:00	baseline	-
385	c7a573f9dc567477cfc7742067a5697dcfba72db	2022-10-16T22:20:55+02:00	baseline	-
386	6c89e36f766161c1eff847f3879245c7a06ecd4a	2022-10-17T22:36:34+02:00	baseline	-
387	8d50db26f99113901f2a23f07f50fe2e12343c9d	2022-10-18T00:08:53+02:00	baseline	-
388	bbb9d2fbb7677ce4d292ed7c6ff75a0e1df83148	2022-10-18T00:10:34+02:00	baseline	-
389	9acb465f2f5e0f33035e6862828ba9a5af1fba4a	2022-10-18T00:26:17+02:00	baseline	-
390	391ec2e77fa95eadf776affba574bda8c02d2a48	2022-10-18T21:48:22+02:00	baseline	-
391	5166e1648f3dbbdf017512af5f458bfc8bf34dff	2022-10-18T22:53:52+02:00	baseline	-
392	4fe7f2a83357c67338270c2097ec27f1668b760e	2022-10-18T23:07:30+02:00	baseline	-
393	7e24f67f2c4d28b9524e23c943a4a4f4cda5375e	2022-10-19T00:55:01+02:00	baseline	-
394	77e21a4ee726d9d17a6cf857dd04e39d3ccdd015	2022-10-19T21:20:59+02:00	baseline	-
395	27ed5f28db49e9675f710898d193f130e30e679a	2022-10-19T21:23:34+02:00	baseline	-
396	076a63f2c4b668a89efbd21f0b80ed70dd51ccb5	2022-10-19T22:50:34+02:00	baseline	-
397	25b56498b33bd70231f5ee7b676a1b42b5e83ee9	2022-10-19T23:37:56+02:00	baseline	-
398	8de8df332c6fbee61446b52f00143f86a02d0431	2022-10-20T21:24:01+02:00	baseline	-
399	ab5b7868568e122bfe5e80cb1f48340e0997f897	2022-10-20T21:31:19+02:00	baseline	-
400	e6b9fa97da98d5d59b7330f0a690ea82806d365b	2022-10-20T21:37:07+02:00	baseline	-
401	e73f3bc2d9439b096a95f5e68b2b01e5bb18b815	2022-10-20T22:54:36+02:00	baseline	-
402	81bb58d903383b8d3f0d3851ab00247575e688b9	2022-10-21T21:48:18+02:00	baseline	-
403	b4d6293fd20d0211b3b154ae04c210743467a365	2022-10-21T21:56:55+02:00	baseline	-
404	0107cca3b7ce9d85018c3b8723b946c8f15bd6e8	2022-10-21T22:02:51+02:00	baseline	-
405	6d40552e2d94218cdd3913c64d6c8369d08ad9e5	2022-10-22T13:30:57+02:00	baseline	-
406	28e661a847e3c7e6e94adcd366ba7ed8403de704	2022-10-22T13:39:04+02:00	baseline	-
407	5bd581823d236d58c926c89a447966d595249cac	2022-10-22T16:21:25+02:00	baseline	-
408	82fcfff43a95ed3951861a1e0520f8d42ce2766a	2022-10-22T22:07:32+02:00	baseline	-
409	ca8c76853998cba35de72ecc9597179738128513	2022-10-24T23:26:22+02:00	baseline	-
410	6de2e69d72cdbbd6063192d2acaadc61ed6a431c	2022-10-25T01:43:47+02:00	baseline	-
411	b5c2a7ce9c12ac62ffd440c2693c69368805bc90	2022-10-25T23:13:20+02:00	baseline	-
412	c78443ac97a0a405a4f16f5d319aebc8535bda5c	2022-10-25T23:15:05+02:00	baseline	-
413	3eb3fca962d1822df3ae1d3229f65d3169cb45d2	2022-10-25T23:47:11+02:00	baseline	-
414	5ac99caab0b59fda04bbe7025a6353e0d6e9421a	2022-10-26T18:48:27+02:00	baseline	-
415	3406415f40edf0c473ff2ea7a816f19034103f27	2022-10-27T21:23:04+02:00	baseline	-
416	a6826291653effe09f6031352d9f29160771894f	2022-10-27T21:43:47+02:00	baseline	-
417	c30485d8a76b58c124ee02c973014bf9a09b8b61	2022-10-27T22:36:14+02:00	baseline	-
418	6d94de500724c4eb42d4bc505eef742915129183	2022-10-27T23:08:54+02:00	baseline	-
419	23f800126a87c6adbcd5233f778ccbf285767fd5	2022-10-27T23:09:30+02:00	baseline	-
420	580484cd683f0ec319dc82cbda4076a9af9b43f1	2022-10-27T23:09:53+02:00	baseline	-
421	04de1e005f8c3be70702b21987c2300dfba0b115	2022-10-27T23:11:24+02:00	baseline	-
422	b734641e40e89cf078f821425bfb6b528282ad12	2022-10-27T23:12:26+02:00	baseline	-
423	7554b4cc35b9cd5dbefab44247bcb78f10e851a4	2022-10-28T20:35:25+02:00	baseline	-
424	1cec03a615502e76add2c714f35662970f8557c9	2022-10-28T20:39:25+02:00	baseline	-
425	7bb00ba1eb3fb8d03a80bdb4f32fd80c4f518f69	2022-10-28T21:37:05+02:00	baseline	-
426	e47ca7cb9fcc5e9bdc3a83c6b1b99fe50836d0f2	2022-10-29T10:28:01+02:00	baseline	-
427	57af8316200d63fd881ff2f9b5ba705a9568bca5	2022-10-29T11:05:43+02:00	baseline	-
428	34d2cbe7e43af1348d7010d951f1d7fe44a91500	2022-10-29T11:56:22+02:00	baseline	-
429	2213166cdca2ff5ab09fe08d3a461e70cea92e4e	2022-10-30T20:31:58+01:00	baseline	-
430	5a4a8a303a1a866aa2908be71c286ed34b62f531	2022-11-02T20:34:28+01:00	baseline	-
431	345c0476066ede834a80a3e6e9ae8fdcbaa25c71	2022-11-02T20:36:13+01:00	baseline	-
432	70ceebb0fc3550a4bf2ab73b8d4980f8595bc73e	2022-11-02T22:27:34+01:00	baseline	-
433	a646bd9988baad08a20a5c67fcc5b522e4066331	2022-11-03T07:53:17+01:00	baseline	-
434	07e6b411f10af42d34de1714916293ae82615603	2022-11-03T22:14:28+01:00	baseline	-
435	848ff39e27123dd450b603673847faa185576984	2022-11-05T13:44:15+01:00	baseline	-
436	bd73b5abbf49e0c59f3100b76c53fdc4e9afc8a0	2022-11-05T13:47:13+01:00	baseline	-
437	3da76a4e3de4525cc0dfa5b30edccf8d448cdd9d	2022-11-05T13:51:18+01:00	baseline	-
438	2368f722dc7d15bfec122e8f276e2c5dc15ef919	2022-11-05T15:59:53+01:00	baseline	-
439	bfe0e4a8cfd070746ad9e17056405795fe6bd297	2022-11-05T16:33:13+01:00	baseline	-
440	feedcc8cb7d8a553ac78a1266bcc37dcbf2c7354	2022-11-05T19:43:00+01:00	baseline	-
441	2aec311b2bcdb9ab5a8efee88c08138dde84a65c	2022-11-05T20:17:11+01:00	baseline	-
442	971d241fe0e93a12a59d57127c7c396dca8ea1d6	2022-11-05T20:21:48+01:00	baseline	-
443	6f43069eb7b4982627cec6072b974f4cdb99066a	2022-11-05T20:33:41+01:00	baseline	-
444	d7b43b9b75507b645dec79b00c81d7a2c47a56de	2022-11-05T20:40:29+01:00	baseline	-
445	7c1d2ee7d202086e7aa27dda98dc8fec08d4a876	2022-11-05T22:00:11+01:00	baseline	-
446	3d4c21954310f7b0cecf8295ace3968376b96219	2022-11-06T13:04:35+01:00	baseline	-
447	b26d4b7339ed214b829ec0a22670941702e59828	2022-11-08T20:58:23+01:00	baseline	-
448	4fc62351ef483ff95aa22f5a05447fa966f7137c	2022-11-08T21:01:50+01:00	baseline	-
449	9c67ada6a1ecafdfbf3604f79253201ea0ff3be9	2022-11-10T21:21:38+01:00	baseline	-
450	226bdb04039abbc1d2e28a58bb87acba78511367	2022-11-10T21:32:32+01:00	baseline	-
451	417546463bed712fad842e6f53a0b8d8d9c8db82	2022-11-10T21:47:35+01:00	baseline	-
452	d4bcbad7a2ecb6e85c18917c9a03b0ac7792890b	2022-11-10T21:47:44+01:00	baseline	-
453	5cfbf51afadf75f12a8b972cd56048a66dfad6c3	2022-11-12T14:38:35+01:00	baseline	-
454	497c6bd01cf837ecda6a2644e5e1868a26fabd9f	2022-11-12T14:40:05+01:00	baseline	-
455	2ce7cb612da5f511223e926d17189ca392501cce	2022-12-15T18:13:42+01:00	baseline	-
456	4387c1613cef30889ea7278f5ee6ed510011ae4b	2022-12-20T09:13:54+01:00	baseline	-
457	154081ed4cd84c7212a1e3f9b68d7d1fd9524115	2023-01-10T12:15:36+01:00	baseline	-
458	6382f8240bd7e1179d5a5cd7086487b4203351c1	2023-01-20T18:42:24+01:00	baseline	-
459	5366e576a3a08788c5d3463e95a489d86c9d79fa	2023-01-20T19:09:12+01:00	baseline	-
460	9009d4da3de69a1e5dcbb284a9140129939de6f1	2023-01-20T21:48:33+01:00	baseline	-
461	629453d18ab15bc4af9237c458493f292319e7ee	2023-01-21T12:20:17+01:00	baseline	-
462	b062494f3c863d0dfabf0eff469b42f995b0693e	2023-01-21T13:34:33+01:00	baseline	-
463	c2b6f328f4d60c3b5dbab2f5b72b5c5ff698d935	2023-01-21T13:42:22+01:00	baseline	-
464	7fba10a99525aa71483bf8529801c0f5dec98e1a	2023-01-21T20:36:03+01:00	baseline	-
465	a92921ad2a7edb9115e2453209549a2bffa1b6aa	2023-01-21T21:57:09+01:00	baseline	-
466	6070193b759ca5f97e899efe39f027d8c29d8e29	2023-01-21T23:56:48+01:00	baseline	-
467	76cf095f08180ca2ed0c96310862d940942021e3	2023-01-21T23:58:29+01:00	baseline	-
468	5a2e18d478340ef46ed5b8001359263640b80951	2023-01-22T14:17:50+01:00	baseline	-
469	30d6ead12bc35e8eb81aa583b0d92202d402866a	2023-01-22T15:49:12+01:00	baseline	-
470	bbf30b4778a758a747e5507d0c7a3aaa75cfd4a7	2023-01-22T18:56:07+01:00	baseline	-
471	0675733cc8ab84586eba4b0c4a0c6c6348d8f0f0	2023-01-22T19:43:40+01:00	baseline	-
472	e92442f6d719b831f2a6b1b3746fdda37471071c	2023-01-23T21:08:36+01:00	baseline	-
473	38ed534c0f2a1e7f4f1e63e28e870d423c953ace	2023-01-23T21:22:12+01:00	baseline	-
474	e84499228c34af9bf45b07210cafe3476c41ad41	2023-01-24T07:23:02+01:00	baseline	-
475	d1e1daf13f088107af33170fcb8c351756fd62a4	2023-01-24T08:48:32+01:00	baseline	-
476	93ff2334b774469c54ff7030bacff2b208fdc8f8	2023-01-24T11:58:11+01:00	baseline	-
477	c59a3b905752b9e454fb3e71eb95d8095c2e940e	2023-01-24T19:34:49+01:00	baseline	-
478	cffbb1f1de5be5a1ab9e458cc18b77d5e05dc846	2023-01-24T19:55:04+01:00	baseline	-
479	1888db0944a4350556c41d115c98d4643c02eadd	2023-01-29T14:32:30+01:00	baseline	-
480	0b7b47fd7f98621d215140413ea72fcfb960b256	2023-01-29T20:34:15+01:00	baseline	-
481	48b12f1b17cd76f44585ff9f44a1e6f9fa39b39d	2023-01-29T20:34:15+01:00	baseline	-
482	d3ff81460d19650d643783119fbe96eb799328c7	2023-01-29T20:34:15+01:00	baseline	-
483	625cbab9a64f9a38f8b87ff516bf8a59089a84b3	2023-01-29T20:34:15+01:00	baseline	-
484	406fb3553df4b0ba9e0dfa11ccc0e330434f36a8	2023-01-29T20:34:15+01:00	baseline	-
485	5fa2a40b0b267ab2f38adfe41be81047d1a019e7	2023-01-29T20:34:15+01:00	baseline	-
486	67878a173a7667de3bfaceda3bd283632e9ed526	2023-01-29T20:34:15+01:00	baseline	-
487	bdd6f70487bee55fc6dc04cb3c7fb9c469a16de9	2023-01-29T22:38:21+01:00	baseline	-
488	107f6efefb9df860b7975ec07d2050e0b324edee	2023-01-30T19:16:44+01:00	baseline	-
489	3e9893b363eb72614ce057897a2a4c201c4c6b50	2023-01-30T19:16:59+01:00	baseline	-
490	3fe3504d5396d99da552649364cde3fd33accdfe	2023-01-30T20:44:00+01:00	baseline	-
491	9caceeebf9fc7159b2246d96b19237e76d0dfbe2	2023-01-30T22:24:35+01:00	baseline	-
492	f311f78be1f77d7b1a2a9c87c060abe1a805a196	2023-01-30T22:24:35+01:00	baseline	-
493	a9ba44db7405de547dcdf8cf8551088cf0d4d0ac	2023-01-30T22:48:56+01:00	baseline	-
494	075b9df4808fd8af5229b777ef98fd4ef0b37035	2023-01-30T22:51:14+01:00	baseline	-
495	12758d700e5d0e447f296aaa46c952c6e55df8e4	2023-01-30T22:54:28+01:00	baseline	-
496	e092ae3402cef2cd198970206f442d1446f1a1ce	2023-02-01T20:44:32+01:00	baseline	-
497	2992aacca9ee0947447fd08b456307152e0148ae	2023-02-02T09:21:27+01:00	baseline	-
498	d8586f10845b311c5969f06e1dcdd3f3d2ee31d4	2023-02-03T11:07:11+01:00	baseline	-
499	10bb1ac433378bb5f4fd6e3c3b67f65781e3b417	2023-02-03T14:35:33+01:00	baseline	-
500	847f918bd5ed133af1eb9ff34b1e960713ac21c5	2023-02-03T14:36:50+01:00	baseline	-
501	0ca177132c0b4d571af0f9ad9e9fc0dabb877128	2023-02-03T14:37:18+01:00	baseline	-
502	a71d796438ec2b2e64421b4dce46d77b7d384bde	2023-02-03T14:38:09+01:00	baseline	-
503	af7d7acc9fe79297604d9069529850426f84a08f	2023-02-03T14:38:30+01:00	baseline	-
504	8d9870b960646415543e4794dcf3a292a7000e3c	2023-02-03T14:39:01+01:00	baseline	-
505	0d3b8516151a47c054e79fc99cf2383c657166fb	2023-02-03T14:39:53+01:00	baseline	-
506	4a998c4442e318773b4d7d32f15c6dbec367b308	2023-02-03T14:40:58+01:00	baseline	-
507	b99a15e4139ca734d1f652900958b31304074e1c	2023-02-03T14:41:56+01:00	baseline	-
508	26117567d8160f7bb0a2b4871792e159ddf303e8	2023-02-03T14:42:41+01:00	baseline	-
509	27821d4e3a45d916c4d49980451720772f2de01c	2023-02-03T14:43:00+01:00	baseline	-
510	3d5486575540b99cda0e82c02285d87d2cff01ad	2023-02-03T14:43:14+01:00	baseline	-
511	212ed0f5a274c4d3e600137f3a5d141c4b151239	2023-02-03T14:43:35+01:00	baseline	-
512	41d3e406a312c85443b146fbf7409543dce2524c	2023-02-03T14:44:43+01:00	baseline	-
513	4c2919970f268cb7beeeff124193ab9e7e7efb44	2023-02-03T14:46:15+01:00	baseline	-
514	7b5f72bce989cb6329123ccb9ecfa333915588f3	2023-02-03T15:53:43+01:00	baseline	-
515	b32f28a32784ed9df2a1f49ec9e5abbf24bad7b4	2023-02-07T21:22:14+01:00	baseline	-
516	19c688d6decc9dc4ab9de53f206062e8b3513cc5	2023-02-08T21:25:12+01:00	baseline	-
517	38ec8e761ab7db5451802754b0fad0e51c98bce9	2023-02-08T21:59:10+01:00	baseline	-
518	258758e0a1b8f3b04eaa26dcb15f6b5966242029	2023-02-15T23:51:57+01:00	baseline	-
519	742c4385220e510a108b776d36af3c8570fdbc1d	2023-02-22T23:56:44+01:00	baseline	-
520	5613693f083dab319c8a98b62d7d35acd6880c94	2023-03-09T13:48:26+01:00	baseline	-
521	df2cccd267636baa18c7e19468ffa59c61222c9f	2023-03-09T23:49:13+01:00	baseline	-
522	e10a35d3dffdbd6ec83ca65b2f76d6a12ab373b8	2023-03-10T21:08:40+01:00	baseline	-
523	cf1f46a3959954f3d6c80161b2584ebbb5216b42	2023-03-20T21:13:35+01:00	baseline	-
524	68aa5698b7c1a5b61990bf3ee49c3e58363a3a3e	2023-03-20T21:15:52+01:00	baseline	-
525	1a1138d22ab8eca39eb0286dd63299d0ce57a4c6	2023-03-20T21:20:13+01:00	baseline	-
526	b3fb3b93ee204bf4df5e8c7abe9dcedfd3a157a8	2023-03-21T11:43:04+01:00	baseline	-
527	fb81647d3bd538f924726bbf48e339d68e4599dd	2023-03-21T12:03:36+01:00	baseline	-
528	0886a6af70395e70d8c11dcfc66f73fa489c2f51	2023-04-18T14:09:01+02:00	baseline	-
529	c71396e70b9454b6cfcc958ed0f374aed2856fb4	2023-04-19T12:57:56+02:00	baseline	-
530	cb1f3459dd4705b6cbaf43069925d5e2c782fd6b	2023-05-09T20:32:42+02:00	baseline	-
531	d41c4943fb39a2d9a0b2e532895251af0e2bc179	2023-07-06T12:11:39+02:00	baseline	-
532	3c23d10fd78b0cfb86f8bcf66bd2ad9485d2074f	2023-07-12T11:01:19+02:00	baseline	-
533	d3fee6e695813fc1f82b55eb7922a9dfcecd36cc	2023-07-19T17:09:45+04:00	baseline	-
534	38b27f3162bd7c083dd59d5f563f87805ed7dabb	2023-07-19T17:16:46+04:00	baseline	-
535	d2100ece96affe6766d97e2cf0e4ca4d145f0d30	2023-07-19T17:19:59+04:00	baseline	-
536	0dd3702b814ce12b5bd15f0bedba78dcba7d6080	2023-08-10T22:09:32+02:00	baseline	-
537	6f8e24d3edb1f56ef3f9970f7c3b47fb6d89b6e0	2023-08-10T22:11:05+02:00	baseline	-
538	edcab828e4a953553500ca5a662791f9cfc3dd4f	2023-08-10T22:41:20+02:00	baseline	-
539	c31c46786baee7f897ef985a735045e3b75ff329	2023-08-11T00:24:23+02:00	baseline	-
540	c83a35c94a7f352e9689f30e0f3c75ce5ce0d134	2023-08-11T00:25:05+02:00	baseline	-
541	e646a93d2c6bb3c777fc62bd52ded0c66cfaa911	2023-08-11T00:29:59+02:00	baseline	-
542	b32455f84c56fe5823b7e0f8e247ba492e021159	2023-08-11T08:49:26+02:00	baseline	-
543	8404831a352e677125f2f96d088c810281a19a48	2023-08-11T13:47:04+02:00	baseline	-
544	d625ef35e41a6b363a713d100151fe1edffec2cf	2023-08-11T14:06:17+02:00	baseline	-
545	6feb409a961d08d250eafa49294343ed18c958ae	2023-08-11T14:12:15+02:00	baseline	-
546	4ba47d93aade9d759142165a65f3b9ae74728e25	2023-08-11T21:43:17+02:00	baseline	-
547	9da6e0fb2961833a846da3ac71d25d0d90c80373	2023-08-12T13:22:27+02:00	baseline	-
548	9ca99f0c4830bb0f0c3765cd0648eeb7c2344c9d	2023-08-13T01:17:49+02:00	baseline	-
549	2eb6a03aacf9ca8a87685a6f3b1adc3e8473b295	2023-08-13T12:33:34+02:00	baseline	-
550	078f2e8de33c12531d44ba0fcbcb6ce99e80f0b8	2023-08-14T11:50:42+02:00	baseline	-
551	65bd6736f33db2fd4e916aadbb025540252f8faf	2023-08-14T11:50:42+02:00	baseline	-
552	47093a6b75cc27f00d1074794597f16ac2a3130d	2023-08-14T11:50:42+02:00	baseline	-
553	dfad27f50781d49a0d06d7bed6f07e0c5bd1801e	2023-08-14T11:50:42+02:00	baseline	-
554	57248060718ebcc46ebefbe4525ea6b57b5d7a78	2023-08-14T11:50:42+02:00	baseline	-
555	23efe7b36c3e627d35e6afaec0d6f45f1ed69601	2023-08-14T12:05:07+02:00	baseline	-
556	a4557ba5f3c08f8f2bbace02a866296bde20431e	2023-08-14T12:20:37+02:00	baseline	-
557	ae70b655e969cb5daf5a02fec4e79fa01e70a528	2023-08-14T12:46:08+02:00	baseline	-
558	a2a2ff441197b77f06db1766ce4e95466c431988	2023-08-14T13:06:29+02:00	baseline	-
559	0c26c2694154ef2cc0af2dbc951cac912c8ef58d	2023-08-14T13:28:27+02:00	baseline	-
560	18e429023d33ff7c1110e1e0d570586a6cd09ffc	2023-08-14T15:37:06+02:00	baseline	-
561	24e1757b1d91d15882ef7965c195f3b0903b61d8	2023-08-14T15:54:34+02:00	baseline	-
562	592dd5f9275276b888afb855efa1f58ea0c87301	2023-08-14T16:06:22+02:00	baseline	-
563	9f2ffce00e62a89de30a361aeb98e714138b986d	2023-08-14T22:13:55+02:00	baseline	-
564	5002d98ec24b365dc289a18889e95e156e9bc77b	2023-08-14T22:44:00+02:00	baseline	-
565	be61690d48c2d1738c2b4b7c46700ecf3ed87894	2023-08-14T22:44:08+02:00	baseline	-
566	677dfb506e15dfcb1623ca0e9b5808118212ee79	2023-08-15T12:54:09+02:00	baseline	-
567	a9c94aa45744d91f4e5fc02a5d5ce5198353fcec	2023-08-15T14:38:48+02:00	baseline	-
568	cee681e6165f9cea28bd83921cec0c72e0abce54	2023-08-15T15:17:36+02:00	baseline	-
569	24608fb366f02185607f57caae80987947ac8b5b	2023-08-15T15:39:59+02:00	baseline	-
570	8e6e992bcba45cac82067dbd8bdc2095dc8cd0ac	2023-08-15T16:40:36+02:00	baseline	-
571	a21a00d0d06faa7f91457648330197a4fd599f59	2023-08-15T17:02:33+02:00	baseline	-
572	54fb84bf4fbfee4a20cbd27dbdc851bc85ce758b	2023-08-15T17:11:34+02:00	baseline	-
573	b132d24022c7ed1fef1bbf97161bf90369c104ea	2023-08-15T22:47:38+02:00	baseline	-
574	ba04206a438caf6cf03456ef223912d90e08efb7	2023-08-15T22:50:15+02:00	baseline	-
575	10694bade7b71c18c0c9daf6bd249081491765d2	2023-08-15T23:05:53+02:00	baseline	-
576	4810a4735ac20476292226266c8d3abd75aa662b	2023-08-15T23:34:16+02:00	baseline	-
577	aa3560bd7d08aaf70f9d33e70f0c8c0697d20115	2023-08-16T11:29:09+02:00	baseline	-
578	beb738ba38d47bce3dfa13332b64342d61221bd1	2023-08-16T11:30:50+02:00	baseline	-
579	8f2cfbf673cdec4322f88126ed3ac8ece98bf921	2023-08-16T11:40:49+02:00	baseline	-
580	47eae7e6e89768c43449376cca0503e672d4a30d	2023-08-17T12:50:04+02:00	baseline	-
581	879a428e42546c3bb3bd3abfa309c5d333a157a4	2023-08-17T17:22:22+02:00	baseline	-
582	189e576d9b2d677e4e9e0e3a30f32f00b236eee5	2023-08-17T17:23:18+02:00	baseline	-
583	cb6c8ca40f4c31b5c4131ec832bff70be2294134	2023-08-17T18:00:31+02:00	baseline	-
584	931dbf3ecd990b36ec980b97df4a522d65b1c021	2023-08-17T21:05:34+02:00	baseline	-
585	39c9df602b5b19499994b6a2568d3a171d897ac8	2023-08-17T23:03:13+02:00	baseline	-
586	87e38b17441fba0c5691cccf545ef835c74224c3	2023-08-17T23:16:33+02:00	baseline	-
587	f383e06071d372e613aaa9b7329019c37b12159b	2023-08-17T23:19:58+02:00	baseline	-
588	87534e6eca73f8a940557068e972c1897efafd3b	2023-08-17T23:39:35+02:00	baseline	-
589	282244db28b8efe3a5a0e3b2a25537ce95b67cb3	2023-08-17T23:59:56+02:00	baseline	-
590	76664a6b6001432253f2c36f57372398992d8290	2023-08-18T00:06:51+02:00	baseline	-
591	a03c2c3700dbc67f8384a18d7bee3222878147df	2023-08-18T00:15:32+02:00	baseline	-
592	dbd9af5b1cfd1a38b8034b26d0af4ca261b027b4	2023-08-18T00:21:18+02:00	baseline	-
593	d0d972b171eccff9066ed405a5637d3e6d16372f	2023-08-18T01:34:16+02:00	baseline	-
594	a3bd3a14a3fb350daf28266e8484288dd85f02e9	2023-08-18T12:41:06+02:00	baseline	-
595	692a25396290abbc035f5dc26ce91782b238a2bb	2023-08-18T12:43:27+02:00	baseline	-
596	d6e36f69fc216947d285bcbec983fa8f4867e71b	2023-08-18T13:46:11+02:00	baseline	-
597	ec7d61521e788de934bebae4ee73f93511acbccf	2023-08-18T14:21:10+02:00	baseline	-
598	e9b1e312eab9a9f95ba117e71da8dd0fe5dd85af	2023-08-18T14:21:25+02:00	baseline	-
599	72749ef809321ec5a2fb45c255613444aa00a33d	2023-08-18T14:21:36+02:00	baseline	-
600	7a494d20df535c38980f94c85ecda8c650a404d6	2023-08-18T14:21:59+02:00	baseline	-
601	d90488d31c9984c60775c5940eab8343658c60e8	2023-08-18T14:22:21+02:00	baseline	-
602	31a57fa969fdd9c15e0b214cb789a760025d0389	2023-08-18T14:22:31+02:00	baseline	-
603	386ff5ca38ff27eebd2845c6778218fc7a9fc095	2023-08-18T14:22:53+02:00	baseline	-
604	d6ddf088650f71a4557eef90c4a8f6be611d8486	2023-08-18T14:23:07+02:00	baseline	-
605	f9413ab10e33d39aa9706b090d304a77a540507a	2023-08-18T14:43:24+02:00	baseline	-
606	3475f60925a1753a6413ed3d13a921bf9b759ffc	2023-08-18T15:17:20+02:00	baseline	-
607	7a61bfd5b60328c824c8b65be2aeab32308b6817	2023-08-18T15:33:04+02:00	baseline	-
608	06dd006d14f6b2d9fa3edf6ffa178484457ff3d4	2023-08-18T15:36:31+02:00	baseline	-
609	b22c301c16c31f65951d258e557a7753398034af	2023-08-18T22:08:19+02:00	baseline	-
610	ab22e901e74890895c8bc35452cfb8b2a9fc1610	2023-08-19T12:36:31+02:00	baseline	-
611	5597289d61367f1715f4bc7b2f24bd4b25f45cb2	2023-08-19T22:24:42+02:00	baseline	-
612	887c98ea15c7e14b1fb619abb541608e4c62fec5	2023-08-19T22:44:50+02:00	baseline	-
613	b48b21c0469fba6113d9ea98e7f7fc6af93bbac7	2023-08-19T22:45:50+02:00	baseline	-
614	8dfd410f3a403cb14d93ab1b92bd2672b928720e	2023-08-19T23:47:29+02:00	baseline	-
615	956b65012a7d9a349200fea5e3389ed3aa80c71c	2023-08-19T23:50:09+02:00	baseline	-
616	1e991e4aa8f30fe2d03916bb9318bd4078115abb	2023-08-20T15:45:50+02:00	baseline	-
617	3dd930053f2446468e481d5bc155bc6b2a09338a	2023-08-20T15:49:37+02:00	baseline	-
618	32bcae1881f99d63cd9a70f2eb318309d59ff418	2023-08-20T15:52:09+02:00	baseline	-
619	7601c630a7487c67c44bba4655ed66614f3d51a1	2023-08-20T18:11:33+02:00	baseline	-
620	8cd12a9101da80c16bec41884016889e7730b828	2023-08-20T18:12:47+02:00	baseline	-
621	cc5d2941ae614305b7a32584730c48d6aef4ced2	2023-08-21T11:58:29+02:00	baseline	-
622	c2c760322514aed85fe1fd3ac2fa7d6aba8e2dbe	2023-08-21T22:42:27+02:00	baseline	-
623	8b5c45d5dc5ee5bb571a13380e837cf96b976908	2023-08-22T14:02:53+02:00	baseline	-
624	988663ce4e70968bc1420a26eefc548c35bc7ce9	2023-08-22T21:58:31+02:00	baseline	-
625	604a9e0a39ca9b31a0735e5ba4c4b7a48ef864fb	2023-08-22T22:30:07+02:00	baseline	-
626	f716dc5d7cbda78c14fedb736ddb0133c083448a	2023-08-22T22:30:07+02:00	baseline	-
627	1d1b5bb839d8481fb7866df88a2b313f5923c343	2023-08-22T22:30:07+02:00	baseline	-
628	5a5fa0d5fde3877f33932ce78586eddbac2969e5	2023-08-23T11:31:30+02:00	baseline	-
629	cb5654705be4f72efc18fbbcaa9f23c922ebf1df	2023-08-23T14:40:33+02:00	baseline	-
630	b7458fcfc215edb74a593457bf6add53a0adf1b9	2023-08-24T11:15:43+02:00	baseline	-
631	8b8934fc7140d346f8e249b56ed384c17122250a	2023-08-24T11:15:43+02:00	baseline	-
632	a875bbab447c95c857ed448d12a777be4a41a156	2023-08-24T11:15:43+02:00	baseline	-
633	88a191324279251a7a6784050b12abbba879f29d	2023-08-24T11:15:43+02:00	baseline	-
634	80f169a2eebc6fada92024b16e6c2b13919d9527	2023-08-24T11:15:43+02:00	baseline	-
635	0baed263e9a5c2b216ce503f52930a77432d0068	2023-08-24T11:18:45+02:00	baseline	-
636	532017a5c7516faeed5fd7268d33e4b628fcc0e5	2023-08-24T11:21:35+02:00	baseline	-
637	5af4fe26f5609460674d5fae6ffe0eaac6ed9e60	2023-08-24T11:25:08+02:00	baseline	-
638	e5e5d19ed330b6be9cfb4fcebfa3860946164317	2023-08-24T15:26:36+02:00	baseline	-
639	881dad50f8f9d69ec68d0373ed69e5ed259128de	2023-08-24T15:27:00+02:00	baseline	-
640	d8701c560377481815cc8cbbc019bab968e838d5	2023-08-25T11:23:44+02:00	baseline	-
641	3ffdbf3397ae8c592f634e10cbcc74eb21a3e5fc	2023-08-25T15:50:57+02:00	baseline	-
642	3a29e6bdce6d3fabfd533d5d8e7c741aaac008d9	2023-08-28T14:55:44+02:00	baseline	-
643	2dc1c7de303b02a9b38e3d7e4123916d671d5687	2023-08-28T17:26:52+02:00	baseline	-
644	e81f517f81a6fc91fc01134b7f76f731f1f3eb52	2023-08-28T17:36:33+02:00	baseline	-
645	4629871ec39fffeb8533b932927c8e9f362b8b55	2023-08-28T22:24:46+02:00	baseline	-
646	578b265082c46d1433013a61b5e33684f16b99da	2023-08-28T22:27:43+02:00	baseline	-
647	3d909203fce0a920089d0f312f0bfd1cb39b6330	2023-08-29T10:44:53+02:00	baseline	-
648	3c8c30596c70aaa387c9014fbb2cb3c0bed0814a	2023-08-30T09:39:45+02:00	baseline	-
649	e67d2edbb744aabda40ea22fef2184fbea120b37	2023-08-30T09:55:05+02:00	baseline	-
650	12f7b7c6650bcd507af81b7a0f453788014de36a	2023-08-30T11:14:54+02:00	baseline	-
651	4a536fda9615a6153164165a0e29f981241ed93e	2023-08-30T11:22:35+02:00	baseline	-
652	7221fe0c260f5ced1428259e28266029ce861dfb	2023-08-30T11:25:15+02:00	baseline	-
653	1829e72fa50ccc67f2ce604c7824f24438495477	2023-08-30T12:07:16+02:00	baseline	-
654	323f23bcdea9efb9a1c3dd808149044a4b1fa6ff	2023-08-30T12:11:57+02:00	baseline	-
655	418fed5b7ef1458dd623b102d8318f97c631cfee	2023-08-30T12:47:22+02:00	baseline	-
656	82bb7df9310b4e2e06972ac5f232c36f5b3b7ce0	2023-08-30T12:54:13+02:00	baseline	-
657	ed3d1f381b0f158e6d8113dd7c6a02f925191c93	2023-08-30T13:33:16+02:00	baseline	-
658	3b2df5a1c5d6f5ab30fb031a910d03cd6e9bf94d	2023-08-30T14:31:40+02:00	baseline	-
659	e3bfec77efb0953146b53a335752c16825d6aac5	2023-08-30T14:55:05+02:00	baseline	-
660	b427e166d6ecf2e44bafa5b46c08f5c5c5c0e202	2023-08-30T14:57:12+02:00	baseline	-
661	999485d59a7751498b473244041a586592f22480	2023-08-30T14:59:10+02:00	baseline	-
662	92c90686ec937f285c39c060b895a11f259e2376	2023-08-30T15:11:30+02:00	baseline	-
663	f32da1ed24a28993721a72f8bd76b51e4fc583de	2023-08-30T15:23:33+02:00	baseline	-
664	5be37aa5430d5833f11a224ff7cdc843d6f3fcf0	2023-08-30T17:45:26+02:00	baseline	-
665	c9d4a55fa95e81408461c1893b7f4f9f5c69b400	2023-09-01T09:41:34+02:00	baseline	-
666	d8f4c25757792df5d54ff2ea985ba6e60387a1c4	2023-09-01T10:00:05+02:00	baseline	-
667	85a39152d8d0559059527111df71113c0a86d704	2023-09-03T11:10:34+02:00	baseline	-
668	369aaec0cf2456467507828c25f284fe0bcdfc1f	2023-09-03T11:10:47+02:00	baseline	-
669	4762edf594ef4e9bc71a55d96ab1c02fbe0665dd	2023-09-03T11:13:50+02:00	baseline	-
670	274eec7a91293d0d0bd70d8c17e72ebea3e5b41f	2023-09-03T11:25:31+02:00	baseline	-
671	e13bdd213e351143d97c5e02a95a705f16247d43	2023-09-03T11:27:32+02:00	baseline	-
672	4e9480440d7ce99274d8a3a3a9cd41a4b61a9921	2023-09-05T18:40:03+02:00	baseline	-
673	33e26c525f04c8e87cde35879cec2d203e1f5ef3	2023-09-06T08:15:15+02:00	baseline	-
674	1894b2ae97b3b62f05b5b7b0b26e185c133f9e01	2023-09-06T09:42:58+02:00	baseline	-
675	2683a944fb1b42033e31fc167e71a7b57834b368	2023-09-06T09:42:58+02:00	baseline	-
676	3f563fc798c668705749ea939019eb6b00cbcf7c	2023-09-06T09:42:58+02:00	baseline	-
677	bbbabde1484e857c100c75ef917c53f57423c800	2023-09-06T09:42:58+02:00	baseline	-
678	b05f8097d4ef5b3aa27e88679c2e9a4cb2c01e0c	2023-09-06T09:49:23+02:00	baseline	-
679	46309b39e9be7d49a6cdf416a427cc82e6ccab0f	2023-09-06T09:51:46+02:00	baseline	-
680	6001a17641f45196bbc8f738906e84ab7fda975c	2023-09-06T10:05:00+02:00	baseline	-
681	01c358d5eb221201013d8b85f230960e2b5dd019	2023-09-06T10:36:40+02:00	baseline	-
682	f527a33d5a040c9ccd3feb42e16a87de8e23fd37	2023-09-08T09:08:35+02:00	baseline	-
683	709c5dd55aa7cfc1b47fc67ee32ac15af6db967a	2023-09-12T16:10:41+02:00	baseline	-
684	89ddc1482d21d776baa2e9eebe2d3da84610c1d7	2023-09-16T20:32:32+02:00	baseline	-
685	5916dc2b68d01606f6c23e1b54da5ee3cd3dc79a	2023-09-20T14:00:15+02:00	baseline	-
686	e3c2d0e4cefd3885b00caaeee02084d80748f2f3	2023-10-04T23:34:04+02:00	baseline	-
687	7f0746399c3812a3a3dc6381f0c5805882f74bbc	2023-11-16T12:40:28+01:00	baseline	-
688	fcf2b55decfdb74892e3f30e28c73f45cd24ec15	2023-11-16T15:41:43+01:00	baseline	-
689	dbbec977b30469c99b7f9d586423d4e7bcbd0bb2	2023-11-16T15:49:53+01:00	baseline	-
690	507d734cb9c76a4850112181533208b5911dfb46	2023-11-16T16:22:34+01:00	baseline	-
691	d27e5a322e71bd7e8fa0d970883d525c3ff1413b	2023-11-16T16:29:52+01:00	baseline	-
692	0354d1b2aae9b78a2b7baeaa37537f1871f1647e	2023-11-16T21:39:50+01:00	baseline	-
693	e9607c76a2c19a0c3548b1be8781830c22bd133f	2023-11-16T22:12:50+01:00	baseline	-
694	5de348e65c8bf02fc73bc1bbd91fbea0713a3c00	2023-11-16T22:16:12+01:00	baseline	-
695	939aca18e66514ca0727c309f8df8c510a0e2fc1	2023-11-16T22:31:25+01:00	baseline	-
696	c7038e8ff272f38d9d720dc87cb7e32c8ad1ee2c	2023-11-24T16:50:09+01:00	baseline	-
697	281d598ea9e570360846192d375f2a40afa124a5	2023-11-24T16:54:23+01:00	baseline	-
698	ad0e8779ecc8c2c747c68a2ebb6e6daa6894caeb	2023-11-24T17:26:54+01:00	baseline	-
699	72442663b6f2862023736e4514f34fab549c1daf	2023-11-27T13:52:56+01:00	baseline	-
700	0531ea58bbd1e7aa05ac17ae9f31d8263983d24a	2023-11-27T19:15:20+01:00	baseline	-
701	9a60147693e87c5271d43fd70d78ee0673e0f7d0	2023-11-27T20:36:08+01:00	baseline	-
702	8249ea06d67ece557999d520b821b4f13354c4f9	2023-11-27T21:52:44+01:00	baseline	-
703	f92bb7949de064a05d5b3a61d1b07abef0c521bb	2023-11-27T21:54:11+01:00	baseline	-
704	5455cf894630551e08c0077051933425b6538a5b	2023-11-27T22:03:15+01:00	baseline	-
705	c89be6a175bfc5e77160274fbbfa6a1d90416d09	2023-12-03T21:53:01+01:00	baseline	-
706	96377f26d9fc75c28e375ceb5da63ca9d6aeae19	2023-12-03T21:54:16+01:00	baseline	-
707	4391851a621e2c1b7e9995fcb4f79337f2545b3e	2023-12-03T21:56:26+01:00	baseline	-
708	e2b510d17d2889519eadba41ad7877e2cd498fa7	2023-12-03T22:24:55+01:00	baseline	-
709	128b62106561041ddb31c62d060a30305d0ab473	2023-12-06T11:02:19+01:00	baseline	-
710	87c6a94e7089dab4771a0f904af801837f84c0f8	2023-12-08T18:33:50+01:00	baseline	-
711	87fda6772d265db28f82d0501b3de7114515ff9a	2023-12-08T18:42:45+01:00	baseline	-
712	d7fe04be6483d5a9b7076295fdb96905e3ad9dea	2023-12-10T10:44:43+01:00	baseline	-
713	9ba50946c14428bb17a891f81924c7a6d4b31297	2023-12-10T10:44:58+01:00	baseline	-
714	515f38b3dbfb85171c6becf2009bb2d39d4c2bb8	2023-12-10T11:02:12+01:00	baseline	-
715	bc65b9bce8ae52c67dced8c43ecf24bd3d3eb96c	2023-12-10T11:11:21+01:00	baseline	-
716	e09a605bd1fe493f331996357734a0afcde52a90	2023-12-18T21:46:31+01:00	baseline	-
717	cd16e732543a766a0d31735dcc4003e39ae9da25	2023-12-19T08:40:13+01:00	baseline	-
718	632e43778e6e4594ce804e46f3cd104a3ae900ef	2023-12-19T17:12:18+01:00	baseline	-
719	f0a00de565c26fecf218395e840b7efdc2ee7545	2023-12-19T18:03:12+01:00	baseline	-
720	5117651774c6df8b959d8584aa78c0dee6f8c889	2023-12-19T18:09:15+01:00	baseline	-
721	de39ee0b8c98424808483a3929b205794b16c6b3	2023-12-19T18:10:39+01:00	baseline	-
722	9b18a23fdb09c2023f931847fa9e44bbadaf8306	2023-12-19T20:58:34+01:00	baseline	-
723	e7ab66afbb79c3728d7ba6fc80b909d8bacca4f2	2023-12-22T10:14:08+01:00	baseline	-
724	aea29169cc232ab7079f42b70e996823c25d190a	2023-12-22T22:48:59+01:00	baseline	-
725	e4a455598673b33386db37686a314ec29da6d255	2023-12-22T22:49:31+01:00	baseline	-
726	cf9f6e864ca3a20b70832f532f59ad3cee6bb6b8	2023-12-22T22:49:43+01:00	baseline	-
727	7f738559ed6cd76014686f7dea3d7f6809956ba9	2023-12-22T23:09:31+01:00	baseline	-
728	202e62236c9113b691b3ff0522d93c2eeee66bbd	2023-12-23T10:33:54+01:00	baseline	-
729	07f130d0384204fb1d1214e0e33b02bc805b5dd8	2023-12-23T10:35:16+01:00	baseline	-
730	8cb1a4c3250acb48f26c876dbe6ca370d00d8c86	2023-12-23T10:49:02+01:00	baseline	-
731	18c44ea59cd1c480829ddc6e2a9befd83b3fec77	2023-12-25T09:19:44+01:00	baseline	-
732	529ee7a003c2d1020b8aedc96e230ad375465de3	2023-12-25T18:05:25+01:00	baseline	-
733	9b95d249013334adaabec5a121f1eada2e4cc53f	2023-12-25T18:24:05+01:00	baseline	-
734	9b8d74166566e64506144ff27f832170308728d5	2023-12-25T18:25:26+01:00	baseline	-
735	6fa487b3aaa970b1f3ed89f36184c7873a5d436d	2023-12-25T18:36:50+01:00	baseline	-
736	5eec5b82c1cb7fa8d49f3c36894a891c86475ae9	2023-12-25T18:55:37+01:00	baseline	-
737	48df1fd3f5ae570cc0eb1853d8587026dd6bcb0f	2023-12-25T18:56:06+01:00	baseline	-
738	686742c4034f7ae9ea6c058df05c28dfb0e163ca	2023-12-26T09:09:19+01:00	baseline	-
739	c46996e54d93d1bd075899d52c141a648b99d0c4	2023-12-26T09:13:43+01:00	baseline	-
740	8774c44ef60676534d6865068dd7d29092af336f	2023-12-26T09:15:10+01:00	baseline	-
741	500553e0dfefa516d25ae9a36cbfbe324a928f29	2023-12-26T16:01:55+01:00	baseline	-
742	e14c7e5cf90d6d68a3c7cc11497b0f6e5894f420	2023-12-26T16:06:16+01:00	baseline	-
743	c87f8f2d86297bc56290a40eaa421dd0b6a00b23	2023-12-26T16:24:00+01:00	baseline	-
744	280d28dc9f60ab18b81d0631124593c0d744751b	2023-12-26T23:11:40+01:00	baseline	-
745	d3b30e2739c32c7f77e51f57e7ba99d0352926e8	2023-12-26T23:11:55+01:00	baseline	-
746	caa7d52602ad36838fd7f77ee2116e71afd0c4a3	2023-12-26T23:14:20+01:00	baseline	-
747	95ec882069b2e6a7b427b6731f0207758ce0f089	2023-12-28T16:17:10+01:00	baseline	-
748	f6a3d06cde04472b1d3eb6004290662ba4bda2ea	2023-12-29T19:50:08+01:00	baseline	-
749	ed688360999a89ddbc50752a3524d08c6d490a9c	2023-12-29T21:00:43+01:00	baseline	-
750	5dcb233566c0c28a5059b968e013b602ffc29696	2023-12-29T21:04:25+01:00	baseline	-
751	7b890a13cc708ce5962a139edc4cca0000cacc87	2023-12-29T23:01:52+01:00	baseline	-
752	dd925fd96f531a15ef9e0abddfc81fe532a67156	2023-12-30T12:49:43+01:00	baseline	-
753	09c0b343284ec523131e39ddebcd6c85c3db444b	2024-01-05T22:36:41+01:00	baseline	-
754	f631fd2c26c46dd10b9e3d494dfa703a4a6d7b1f	2024-01-06T20:08:05+01:00	baseline	-
755	bca1aaa9022bea221de7431fc7709fe3afd77463	2024-01-12T21:58:13+01:00	baseline	-
756	1b3c10c0ef680ae4e6b6b3558308b233958b07f2	2024-01-12T22:03:10+01:00	baseline	-
757	db94b967cddea3fbac812c76218b6797bd328f90	2024-01-13T13:14:38+01:00	baseline	-
758	b2f6fb83b7e749d225dfea77a56acf8624cccbf1	2024-01-13T15:56:49+01:00	baseline	-
759	523a091bcc4439823dfc22fefb7a22d34bec72a9	2024-01-13T20:41:14+01:00	baseline	-
760	e213a6616920398b6716fad8c64cc2cf2963df97	2024-01-14T17:27:22+01:00	baseline	-
761	6691bc8124ff555dbaf8001aa5cc6ded37f87a67	2024-01-16T09:40:36+01:00	baseline	-
762	98d79a97c7b0c33468d5be7f99227adfcd741e9b	2024-01-16T10:27:10+01:00	baseline	-
763	7ba66ee25c6e58f989263a23b6ad55bfa631e66b	2024-01-16T12:47:46+01:00	baseline	-
764	7cd9fa622743e25ef6fbae26f1b3a6235c90de53	2024-01-17T20:01:34+01:00	baseline	-
765	71bc9f986c4e439802acf999726445f6204e9ddd	2024-01-17T23:21:11+01:00	baseline	-
766	cda16c21633e49505535aa4c0b70d39fd9640a21	2024-01-18T07:52:06+01:00	baseline	-
767	44dfabc57310d2ab9a6dd7a4799039bfc50df556	2024-01-21T11:55:30+01:00	baseline	-
768	564b637c224da220c648e399669cb8c4e87d73fa	2024-01-24T23:49:57+01:00	baseline	-
769	1c8c9e6c307c5110ece4d539f2c3a7121ef3aa0c	2024-01-31T18:07:26+01:00	baseline	-
770	89478f3e4cad773adf03ab7947fd4b2531d18838	2024-02-02T19:37:21+01:00	baseline	-
771	c7658ac65da183e42d5d4046ede18edef735d60d	2024-02-08T12:20:20+01:00	baseline	-
772	013c32fe5294be0394deb11d0ee97bdb2c7c51fa	2024-02-08T21:07:58+01:00	baseline	-
773	83b8df3a4a5324b174e552c5139bf1a352866b7c	2024-02-11T22:21:49+01:00	baseline	-
774	3c03e5965172519f7bc12100db6607d6a9fae031	2024-02-11T22:23:48+01:00	baseline	-
775	4354d88e824e96163f86f9af03f70682dc978cce	2024-02-11T22:48:38+01:00	baseline	-
776	894cea150a6adc0f3cb95b9328ee0e1785886615	2024-02-11T22:49:25+01:00	baseline	-
777	e53cefe2ef29c793f3867e4568e1c81dc76a50ad	2024-02-11T22:58:31+01:00	baseline	-
778	84ac0b84b58fc608ffe9648c8b76debdbdc382ba	2024-02-12T22:15:17+01:00	baseline	-
779	ffaec9e78a6e4cbd418620588567695eaad2925c	2024-02-12T22:15:17+01:00	baseline	-
780	0bc9d995efba166c17f20b0fc6bd6b7d28632b7f	2024-02-12T22:58:19+01:00	baseline	-
781	36f9adb32bf638876b4d3f4f45449b33799f3510	2024-02-15T19:53:35+01:00	baseline	-
782	b9f96a0fd1bb029f28b04557707980526101974d	2024-02-16T22:32:35+01:00	baseline	-
783	694aab2ba48069d54c74f811f3caf7f3fa1eac41	2024-02-16T23:13:44+01:00	baseline	-
784	c330a39253d4ba18f04c1123910cc50bbaafb3e0	2024-02-16T23:32:07+01:00	baseline	-
785	ed89647e7829c81a73cc75f2d8ed39e3f833b51d	2024-02-16T23:40:23+01:00	baseline	-
786	1719809852028076d69912155b00c9dd80818a2a	2024-02-17T11:15:54+01:00	baseline	-
787	4cac5f684e8898516dba520a1e9941f1cb34161f	2024-02-17T14:33:07+01:00	baseline	-
788	9569d4b3d96dde0b3fc30cf8f19683424b3f201c	2024-02-17T19:04:31+01:00	baseline	-
789	8ecb18a3c8184b591e89f1bd69cf7fd66ec30d61	2024-02-17T19:17:27+01:00	baseline	-
790	95084fb18e9d09dc3f06449f8298674e10331767	2024-02-17T19:20:53+01:00	baseline	-
791	62cdd42240f5f9ad243ca8b09e9253c59eef12bf	2024-02-17T19:56:28+01:00	baseline	-
792	3da85278439a5e8ef5dc0d73f321f76742e2cecc	2024-02-18T00:15:39+01:00	baseline	-
793	323873a0f4b71f3d799a1626ba07f148bcb140cd	2024-02-18T09:45:39+01:00	baseline	-
794	3196510a3db4568803e37d1447832c16a40821a4	2024-02-18T09:55:10+01:00	baseline	-
795	6cc56e7068129ed927c1f7eeca7d780f66f04a92	2024-02-21T00:07:51+01:00	baseline	-
796	ae180c8f7deaab0ce41bbea10dccc1d17737abe2	2024-02-24T21:12:51+01:00	baseline	-
797	2347a4e3f2ca6349d3154c135a090a6834023b22	2024-02-27T14:23:49+01:00	baseline	-
798	7795708ed42d7787f2adc172fdcfe43fd7afcda6	2024-02-28T10:39:01+01:00	baseline	-
799	adb139a4fd62f8bcebab9ba9c7d4d7d6e61e13ca	2024-02-29T20:51:34+01:00	baseline	-
800	4cdfd385dd0407717198c893913df744c5d1a744	2024-03-03T16:44:32+01:00	baseline	-
801	85b178c3dfa2ded602d1319f13729f5c5041345a	2024-03-04T14:40:33+01:00	baseline	-
802	cfe9787745e1aed0d3967047389e5d8462eba450	2024-03-17T08:51:53+01:00	baseline	-
803	3452f5be95fd5845fa45c77b8ebaaee6a3e6b586	2024-03-20T20:06:04+01:00	baseline	-
804	d5231073da6742e42f5c026eb49c0d493da1274c	2024-03-27T09:26:56+01:00	baseline	-
805	7772ea0fee5c9b153439a0ad5ee2e2b1a764f453	2024-03-28T14:37:51+01:00	baseline	-
806	852d47f3ecc7802acb7fbe1fc91a56b26df30999	2024-04-08T09:00:54+02:00	baseline	-
807	0b2a08654939f5529f9186d8893307aa0c3d1178	2024-04-09T09:47:41+02:00	baseline	-
808	d9b1093c6e483aabd3194bfed9d4816656e3872b	2024-04-09T13:13:55+02:00	baseline	-
809	e7e72b9a06044715e23f9ae9175b5141fff178bc	2024-04-10T10:58:17+02:00	baseline	-
810	2aee5239cd553541258fba3b0785b2ede585aede	2024-04-12T18:49:41+02:00	baseline	-
811	c0ad2d4f82606e5bebe18cc8c99c27d501fdf0ea	2024-04-12T22:54:01+02:00	baseline	-
812	f1b68c877d52fe7e5ca985055e113c9a519bb57c	2024-02-28T00:30:33+07:00	baseline	-
813	ef57900b163f64429fa82a542fe5662e3b41ef1e	2024-03-05T01:31:07+07:00	baseline	-
814	eb8fb13de1f73785d40d97b1dab8be2f7063b7ff	2024-04-13T10:08:10+02:00	baseline	-
815	355fb28bafa40cbf11ea3cee95bb102c1a8ac64d	2024-04-13T10:08:10+02:00	baseline	-
816	ded019d21ec180b7018641732617c59e8932da32	2024-04-13T10:08:10+02:00	baseline	-
817	0e9136ef319565b80ca63ef4b35780d329d0dfff	2024-04-13T10:08:10+02:00	baseline	-
818	5708180cb26fa2e6d25be8d1a59e40ab5dc8dd3e	2024-04-13T10:08:46+02:00	baseline	-
819	9748859e10fef2bd8a6c3e07bfb54b95ac81631b	2024-04-13T10:08:48+02:00	baseline	-
820	fcebdadc96f31afb134e2f31d056418e5a5a0f74	2024-04-13T10:08:48+02:00	baseline	-
821	51156fa1ff9782b0318c0c38b1c4ff0e0a651f5b	2024-04-13T10:08:48+02:00	baseline	-
822	32579115c7bdf1eaa416d1b9531dd8cea4a55a64	2024-04-13T10:08:48+02:00	baseline	-
823	e4f0e78896f5e5b99c567b83a546fabaeef9abf3	2024-04-13T10:08:48+02:00	baseline	-
824	4454efff153c868f9bbe3fdea362b39023298eb9	2024-04-13T10:08:48+02:00	baseline	-
825	582fb32d9214f6ef7a4dfcf754cb466787e15a7c	2024-04-13T10:08:48+02:00	baseline	-
826	55dc4e80bc10639d13f4739ea8a767edb8b357f4	2024-04-13T10:09:16+02:00	baseline	-
827	524efca4b271a8ac6d62f6271c885f4e3e91002a	2024-04-13T10:09:18+02:00	baseline	-
828	d66ffcd0b695ca828e9a16f0394578633affcbbf	2024-04-13T10:11:06+02:00	baseline	-
829	38f949658f8e27c1e9367487b4769b51128c36e9	2024-04-13T15:37:02+02:00	baseline	-
830	edb1b5aa991fa78f420099f2bebc86de56c56900	2024-04-13T22:50:11+02:00	baseline	-
831	c2b609e99b5c2229c0954beaf0eba1ed6fa50e94	2024-04-13T23:16:08+02:00	baseline	-
832	d236dcd5aebd19a53492aa8d4fbbca41aac171c8	2024-04-13T23:18:59+02:00	baseline	-
833	725b7021c9f69b7aa6d37cd9502cab3d0ca2ab9d	2024-04-13T23:38:35+02:00	baseline	-
834	b2a0c2aa070afd14706d9e200fb9c54e4e0578e5	2024-04-13T23:50:53+02:00	baseline	-
835	e6e376a17c1d38b24244697bdbfc9e8def035be3	2024-04-14T08:56:31+02:00	baseline	-
836	5804ccb7188e1082fad1815c19d0d01cb876ee15	2024-04-16T23:11:01+02:00	baseline	-
837	61573950f69c945c0607828ea8fd01fff95dc54b	2024-04-16T23:23:12+02:00	baseline	-
838	ae2a9dfc6feec03664657729ffd7a79b91528fbf	2024-04-22T12:05:36+02:00	baseline	-
839	e6dfb719a733a1751b0d4dc3ec21d93bacdff3e0	2024-04-24T14:08:49+02:00	baseline	-
840	9207e712c128c85065a419dd6c7b01656ef63758	2024-05-07T21:07:12+02:00	baseline	-
841	1f31cc5a5e412d6444fc95a2aa414a8e2d2f3f8d	2024-05-07T21:36:22+02:00	baseline	-
842	5b538a702257cf354bf175eb9f2f3905bb8bf118	2024-05-07T23:19:39+02:00	baseline	-
843	9a4b529a9d84664b70e6c28ec882acfe90b8fa21	2024-05-08T00:24:35+02:00	baseline	-
844	bd688c314e97ecb0586f6783e0bcfde2037d68e8	2024-05-08T00:25:10+02:00	baseline	-
845	83d67e7fe596a34802d8b98804030aac50de5a0a	2024-05-08T10:04:54+02:00	baseline	-
846	6171d560d7faf0513a2547542d92a9781a594100	2024-05-08T22:20:37+02:00	baseline	-
847	1a5df77b1313a7abf6a02f4977f8a27d38d91576	2024-05-08T22:27:02+02:00	baseline	-
848	45c1ae72c0b5b031cca3533886638a7d0cae3165	2024-05-09T17:22:41+02:00	baseline	-
849	6cf0edb662c172f835d09cf93f7e2977bda52a6b	2024-05-12T11:55:15+02:00	baseline	-
850	1659c2350421c350c6aac17042dfe54d47c78c35	2024-05-17T18:10:26+02:00	baseline	-
851	eb70f943cc3d585443f34580a7e7f8f0bd197622	2024-05-17T19:40:20+02:00	baseline	-
852	cae6003b4797768f5a18001bdccfa47aaeaeb6a4	2024-05-17T21:40:50+02:00	baseline	-
853	65c7bc95ced83953d330b4b8da6762ff4d2d4185	2024-05-18T23:13:58+02:00	baseline	-
854	c6c72273c963b594f2e164c17e83f230fed2e3a1	2024-05-18T23:41:49+02:00	baseline	-
855	596f54f26256d389a380968bef0d6ba67b0e004f	2024-05-21T11:10:48+02:00	baseline	-
856	b45ee4ff8901ec41aa12b3e6eb9f06d91a95ce6d	2024-05-24T10:12:54+02:00	baseline	-
857	eca9bd7adefbe01fc0e8b7af25b4a971ba666b76	2024-05-27T12:05:19+02:00	baseline	-
858	55ff9aad94a176a11f9f9f333e7ed9f59ec5e37f	2024-05-27T12:25:09+02:00	baseline	-
859	a601192193a639ddc7789c0ad6fb4e929e23f8fd	2024-05-27T12:28:18+02:00	baseline	-
860	7e6e6f576031e19c1b41a4258afdb7610a9c021f	2024-05-30T21:45:13+02:00	baseline	-
861	73cb42d2d97f1efd524aae7263e2835024634c45	2024-06-01T00:09:22+02:00	baseline	-
862	efa006a99a374f5240196daf74cecf5973f80528	2024-06-01T14:57:15+02:00	baseline	-
863	a31b1fefd615fdad63555dbe0f7a63445bdb178e	2024-06-04T00:08:01+02:00	baseline	-
864	ac6e5a388a6973c85e98c0f344f308765fcd00b8	2024-06-05T01:14:25+02:00	baseline	-
865	55f453b5769b8448261464c683e2ee8e42397e8f	2024-06-05T15:48:40+02:00	baseline	-
866	0c7f72008524679a9dbd9b6022d7fa73b1197f20	2024-06-14T09:23:26+02:00	baseline	-
867	b24c7f3a1066a712181f1ddd27a0d6911d193542	2024-06-14T09:32:52+02:00	baseline	-
868	971388017260b2241784c4ed216f8e6eb91ef7f5	2024-06-23T21:20:41+02:00	baseline	-
869	c42572b9c7d8471776ed9a8b5bade850cff73d26	2024-07-04T23:49:14+02:00	baseline	-
870	5e3d5a2e7d97cc6be84d181cbbee4d319853a940	2024-07-14T09:07:58+02:00	baseline	-
871	5e660e753e47a4f3a3a9e234f625dc210b5a331e	2024-07-15T11:19:33+02:00	baseline	-
872	c72da7bf4db186bd6ca94ca58dc8da83d3bf3495	2024-08-28T22:47:47+02:00	baseline	-
873	da04c55bcbb2709417c056c62531de2f434595f2	2024-08-28T23:00:18+02:00	baseline	-
874	3a58a8b0016a4d00d46c7a99c94d8b4dd3641e69	2024-09-04T16:59:48+02:00	baseline	-
875	24a21b287f64d30a3893934a998a503bf23556d2	2024-09-18T12:22:56+02:00	baseline	-
876	fe88af516dfc698aa65c074e1ba11914676d5e88	2024-11-13T07:02:42+01:00	baseline	-
877	fb6792b2486778dd8a3eb5ab2e7550f5b1dad150	2024-12-23T23:08:32+01:00	baseline	-
878	33f614f92a503a2a1faaabebae782656fde9b889	2025-01-09T13:33:28+01:00	baseline	-
879	192ab82e6c5e483def6b1abd82e14bdfc1379fc5	2025-01-10T11:41:46+01:00	baseline	-
880	6ef04ecee9673982be2169ab8c2acb1e60219aa3	2025-01-27T11:26:26+01:00	baseline	-
881	a3b6cd227b56cb9aa8293ef5ab09d5e65bd7a990	2025-02-23T14:19:51+01:00	baseline	-
882	b4606bdf394042aba0458a15780683a8cb45f62e	2025-03-01T20:00:54+01:00	baseline	-
883	829454b8783e3ab7d74f6fd777575871753afbe1	2025-03-01T20:03:27+01:00	baseline	-
884	0bb9c140269c6efae4ac4d41141e3e86c9350221	2025-03-01T20:03:45+01:00	baseline	-
885	c3c5c4db9fee84bd35af721a38e534b0f7782284	2025-03-01T20:05:02+01:00	baseline	-
886	ac42ea0cddafcc72355508252cfe2f6d96c2939d	2025-03-01T20:05:51+01:00	baseline	-
887	867dca6d78cd5ff67b814727b8a48b2d85511e3f	2025-03-01T20:10:40+01:00	baseline	-
888	82281483d791a925f8930dcf60bf07d1d5ccf079	2025-03-01T22:11:57+01:00	baseline	-
889	77e876bb7cda24c5aeedbfd1a0efa1465fb503bb	2025-03-02T09:31:59+01:00	baseline	-
890	0d19441454426d2f58edb22c31f3ba5f99c7a26e	2025-03-07T14:09:41+01:00	baseline	-
891	bc77b4b3cd7665412e84f7e421798d2b91de0be7	2025-03-07T15:06:45+01:00	baseline	-
892	ed9de341c58b43d844af11244f315300d419e381	2025-03-07T15:27:19+01:00	baseline	-
893	4544adfce5320ef71b5503982249357ac8310fcb	2025-03-07T15:56:31+01:00	baseline	-
894	156e73d03928799d932a465439a67a6379e94d05	2025-03-07T16:24:24+01:00	baseline	-
895	af32277333478cfafabf95dcf5a0ddf68d4a1d87	2025-03-07T16:34:41+01:00	baseline	-
896	9dc8bb93cc9032381661d74fce640912416b0d4c	2025-03-07T16:42:00+01:00	baseline	-
897	79b11706b9759282a07eb27bdb98eaa23c3fbbf1	2025-03-07T16:44:11+01:00	baseline	-
898	e8bd7f8689348614b47d71af8a8aef709d2fe8c7	2025-03-07T16:58:35+01:00	baseline	-
899	35bdb68a944c8e8306ba8ac4db97e8400b3fe51a	2025-03-07T20:39:53+01:00	baseline	-
900	579de74b421df8d8231f3ed09beb84279bbed3ce	2025-03-07T20:40:02+01:00	baseline	-
901	8f1e8804a632cbad0e5c5f8458875d10532d0ba4	2025-03-07T21:52:14+01:00	baseline	-
902	8bb9ab77182b96698fd1e6dc46ee2611ac055fc5	2025-03-07T22:56:41+01:00	baseline	-
903	e750878fa17c0d496210576b1801dc666498890e	2025-03-08T09:27:09+01:00	baseline	-
904	bc0ce17d0e389098a783cbc024937aace912a166	2025-03-08T09:49:28+01:00	baseline	-
905	c9f620ee4840b2fce467942b13b1b7fe9e8f8d69	2025-03-08T12:02:09+01:00	baseline	-
906	fdba92bdadc2c10d017125bb518164717c89232f	2025-03-08T12:14:13+01:00	baseline	-
907	3df78d9f57e0f0f786647778b3d4d4b89d128a98	2025-03-08T12:31:51+01:00	baseline	-
908	80767230400514bdde27226c923f13766280c9cd	2025-03-08T12:36:18+01:00	baseline	-
909	4ae7e34df82f82bc11f13a6893c340b79aa17e2e	2025-03-08T12:46:59+01:00	baseline	-
910	e437d57d2051816200cb25732c9d0a6b38f9f7ac	2025-03-08T13:49:10+01:00	baseline	-
911	d63c3b5a6c78b8186909edc00cff4bedb3dde5f5	2025-03-08T13:54:55+01:00	baseline	-
912	6fa83ad539f5c89d0f4bf95a42c28aca68397560	2025-03-08T15:33:37+01:00	baseline	-
913	4a3a8b6bc5167d87d4f152cdc3eb4d32599ee645	2025-03-08T15:40:47+01:00	baseline	-
914	8f0751dbdf0c232bce740244a5c62bebc19bbd52	2025-03-08T16:19:30+01:00	baseline	-
915	29dff34ad1fcc78c2d6081471433fbfb0d0827e9	2025-03-08T17:01:31+01:00	baseline	-
916	4511e92881c25d58ffb257c58ba427ea257c7e43	2025-03-08T17:11:49+01:00	baseline	-
917	435b79df38cd6c7687a5b70f7bb66c99a45ab31d	2025-03-08T17:28:39+01:00	baseline	-
918	8f8320313179e1da0d18589d00d4d8cde9be3301	2025-03-09T10:45:17+01:00	baseline	-
919	2d9f6165d887633bb922b51190e12d6aa7cec8fc	2025-03-09T10:48:37+01:00	baseline	-
920	80f0ea62ea6935a06d6562c5844a801362bf57a1	2025-03-09T13:07:38+01:00	baseline	-
921	7d564c003e90a5fdab6e453dd74974bb085bb34e	2025-03-09T23:39:16+01:00	baseline	-
922	f4bbea526036057a4ae0ddc8df6615084cde007e	2025-03-10T13:38:02+01:00	baseline	-
923	2bc0eed148d3313a42c33e7f5a91778d94c85ca7	2025-03-10T13:52:54+01:00	baseline	-
924	a9cda30aa51cf1f44fa02356c025473b18f5cef7	2025-03-10T15:00:21+01:00	baseline	-
925	25690fe0143fb89027f0d6a01cafcc437472a464	2025-03-13T14:10:14+01:00	baseline	-
926	3be6386f86a53e713a5b083e33582d94710653cc	2025-03-15T16:41:40+01:00	baseline	-
927	1598c621e1813e22893ea731c0b8b2e6ee357bcd	2025-03-16T10:35:06+01:00	baseline	-
928	8419ba4a916cd5036c6a847ae810f63485ead0f9	2025-03-17T10:10:42+01:00	baseline	-
929	0f99b19176217bbe49ba348b7120c486f1560d9e	2025-03-17T14:28:04+01:00	baseline	-
930	e135bda12b39f28b59545530229fbcab51efbaf4	2025-03-18T10:49:13+01:00	baseline	-
931	437bc8e5730238db5d30184a57a239507a533c86	2025-03-18T23:08:02+01:00	baseline	-
932	dc7c30218dc15f496c259431cf6ffd1e545836b0	2025-03-18T23:20:00+01:00	baseline	-
933	a81f28a14747aa1f64eb5be4ec306253e497cf5d	2025-03-18T23:38:28+01:00	baseline	-
934	ccfad1d322f591b004bd2f56c14028426f4f0bc8	2025-03-18T23:45:05+01:00	baseline	-
935	0a4ba824070233a518d47c066a7e8519116c9731	2025-03-18T23:54:38+01:00	baseline	-
936	253a4a111873689b6a3e0e8c83c45e29e47da56e	2025-03-18T23:57:51+01:00	baseline	-
937	27604cf508c84ba0db613db4cdb94544a3539ecc	2025-03-19T12:32:03+01:00	baseline	-
938	6565f13d2a596119bacadd7a4049f30bff1df2d6	2025-03-19T12:32:26+01:00	baseline	-
939	ac5b2c7313f4757672d4a0783ca21225b4f5c44a	2025-03-19T15:29:59+01:00	baseline	-
940	646c17c96211377b1bcbf5dc35a0bfde9aae0198	2025-03-21T18:09:09+01:00	baseline	-
941	3a0a1da527d97b1bf115ef1d17f3e3d34772d0d9	2025-03-24T12:01:07+01:00	baseline	-
942	6121e25ba004896f054266209a7b4781822c1722	2025-03-24T14:48:41+01:00	baseline	-
943	bb2a3e57f2482e427f994f4bbfca6af8de0d8809	2025-03-28T15:43:54+01:00	baseline	-
944	d0b5b37a4a6871cc275bf85bc619a9676f65e7d5	2025-03-28T15:45:20+01:00	baseline	-
945	57fe809870a564fc60cb2176d19e20f975c3cb2d	2025-03-28T15:48:24+01:00	baseline	-
946	e190ea2e5dcab9c2e6b047876480bb014a45bb2f	2025-03-28T15:49:42+01:00	baseline	-
947	785630f7830056aa4fb84c989ead82e188ffe9e8	2025-03-28T15:50:33+01:00	baseline	-
948	28d9b3d4575bc9bb3d4e92cb18a6f7924693a583	2025-05-12T18:32:48+02:00	baseline	-
949	f974b88d463eba42e73c92af7cd23aba88f4a7d6	2025-05-26T10:03:53+02:00	baseline	-
950	ebf0d8ba0eaee5e4a7631e014bc656fa280940bf	2025-05-27T12:13:35+02:00	baseline	-
951	6d7d7d68e13eb61a89c0591dbedf5f64574f3610	2025-05-27T12:22:06+02:00	baseline	-
952	0bae5401b3f7a4e1303db30d9dcb4ffd384b36ee	2025-05-27T12:34:11+02:00	baseline	-
953	1609a12ce65e179db1ffc0c38485eb5368a1c6e8	2025-05-27T12:39:33+02:00	baseline	-
954	5fbfe7211cd667c622a69bf4609e55f2eade7f63	2025-05-27T12:39:33+02:00	baseline	-
955	eeb1b8b6259d9a34ad5fb06bdd8cde80841396ac	2025-06-03T17:31:46+02:00	baseline	-
956	98b0990dd3b9e5c37306e7999184de9a9cdaf25e	2025-06-30T20:08:46+02:00	baseline	-
957	85d0be85096d16dc1e06d8f893b353133daa008d	2025-06-30T20:14:08+02:00	baseline	-
958	f1c65fa312db6b2db3003d60fc514724b8223a4f	2025-06-30T20:21:25+02:00	baseline	-
959	11286428d375e5fcf9d76f598aaf7e58ba41e9a7	2025-07-05T13:46:48+02:00	baseline	-
960	87df78319489e4c4e00bb3ac1256c63aa8bd63f1	2025-07-24T08:29:13+02:00	baseline	-
961	bbcbc530f31620623b36750365ee883aa4b86d8f	2025-08-28T11:06:51+02:00	baseline	-
962	1c09e5e9ec3d7f1237fb11c47c6cb1545c0c9bf8	2025-09-08T10:40:52+02:00	baseline	-
963	bcb2d51045da5fd5290d302d9132044a2993f280	2025-09-18T14:38:27+02:00	baseline	-
964	5f4de2012b5ae915bc90db0067201b5f90f24e3f	2025-09-18T21:39:22+02:00	baseline	-
965	69b27afae29804c646a7d51f8daaa032becd799d	2025-09-18T21:45:44+02:00	baseline	-
966	7dbd40912d18b1513abb25fab73d2f955115e3d2	2025-09-21T20:42:57+02:00	baseline	-
967	3d0aec62ca6cbfb94989fa3857385c8d26c922b9	2025-09-21T20:58:24+02:00	baseline	-
968	5ac4a1a79919e2358c26f6e6f551c19b5af27293	2025-09-29T11:10:45+02:00	baseline	-
969	ad495449fa56d47beee87b7388f3b67cc57c7aeb	2025-11-28T13:45:06+01:00	baseline	-
970	3dbda4bd9c2531a05fe0ea77a4bf4d7f294dc1da	2025-12-04T15:39:47+01:00	baseline	-
971	73384e117febe7a5274a5efe53d3292fcb618f5f	2025-12-04T15:45:37+01:00	baseline	-
972	cf589a44c53c1122549e6de3f457ce8baed3925d	2025-12-04T15:55:29+01:00	baseline	-
973	96bace44f9238746ee2c792725f5bdcc6c09f22b	2025-12-04T15:57:02+01:00	baseline	-
974	709b577dd81a47647b4608e8dd6610828406256e	2025-12-04T16:22:43+01:00	baseline	-
975	f423c10c5f7436c70edc7158a97193f87591a309	2025-12-04T16:25:17+01:00	baseline	-
976	a2a9f37136f143c158ae9d4a2f9d90b7079f4744	2025-12-04T16:34:55+01:00	baseline	-
977	593f93febed21dc14168c830df606dfd96aff827	2025-12-04T17:00:08+01:00	baseline	-
978	775fc3aca52094ab99d50c1d5f31fd9f4d2ee7c5	2025-12-10T14:28:47+01:00	baseline	-
979	f493d7dbaef0b18fe2cf578b1771a2f68dd03c0b	2025-12-14T11:45:29+01:00	baseline	-
980	daf1790d9a0e7abe7842ff958a04d28288b08a90	2025-12-14T11:50:36+01:00	baseline	-
981	d652fbe8df6201046ce3ff3cec12c44c61216fbb	2025-12-14T12:05:22+01:00	baseline	-
982	55e913be02efc62fa751f769f4a3dd2e110b493d	2025-12-14T12:17:34+01:00	baseline	-
983	1973835b26fd4efc0990df48fb283d5a78808d9a	2025-12-14T12:20:15+01:00	baseline	-
984	e5ee6c245bbf664c6a48d2eb1241320336aa98ed	2025-12-14T12:24:16+01:00	baseline	-
985	cf53913bd4fb966a7bd4250def200bfe8b085c64	2025-12-14T12:32:01+01:00	baseline	-
986	eb73788eb823513b73e3f62dada27de4f4c73cd2	2025-12-14T20:37:39+01:00	baseline	-
987	738da0b342aa8a57e4a88ddd8c74c810bc8886c6	2025-12-14T20:47:23+01:00	baseline	-
988	087698e2554c3928e19f6fbb7f55f6aba7c2186f	2025-12-14T21:02:20+01:00	baseline	-
989	4d38449b9f7f0238c6ac534e414cd4b4f25704e8	2025-12-14T21:54:40+01:00	baseline	-
990	6ed72a21491b5d18b419d2115c404f400431248b	2025-12-14T21:56:41+01:00	baseline	-
991	713a26a272ae656fa73685994b875bda8322a5af	2025-12-14T22:10:48+01:00	baseline	-
992	d4722867d2df8480c650afa169b350a03d0b668a	2025-12-15T00:08:20+01:00	baseline	-
993	c020e9595927657cc9a0c5dca091b47058473ff5	2025-12-25T17:30:38+01:00	baseline	-
994	476d403fd806ddecc470abfa14406d53e51145df	2025-12-27T13:34:51+01:00	baseline	-
995	d082f3d52ab181b514eea75a882f83b3fc761102	2025-12-27T15:02:34+01:00	baseline	-
996	3111bbe8c72d3d64333ae2807c28b78fbab0d24d	2025-12-27T15:22:17+01:00	baseline	-
997	0fcde75fea53412a9c08937571be624a937fce55	2026-01-05T23:39:55+01:00	baseline	-
998	13c5b65f9bab45fcc942320a64e94ec92972641a	2026-01-06T16:57:59+01:00	baseline	-
999	de0da09604e38f105e7ba37c95627368695d19e6	2026-01-07T20:21:22+01:00	baseline	-
1000	02f92c2a78e45571ed71e27246beaec95a19fe42	2026-01-08T15:43:41+01:00	baseline	-
1001	ebbe1bac9de77c0bd042e78cfed09b65645d77f1	2026-01-11T22:20:16+01:00	baseline	-
1002	4ff281dde7352134b200bb56c3c5fab36aa6579c	2026-01-12T21:49:35+01:00	baseline	-
1003	5ef01205d977a50f9026824fb7ae7449e70f662f	2026-01-15T10:55:27+01:00	baseline	-
1004	1fa02826f361c6cc8d3b7249d0f9439baad0c0a6	2026-01-19T11:13:04+01:00	baseline	-
1005	556b1d14d40ec241cf17f325d7379cbf039eea47	2026-01-23T00:44:42+01:00	baseline	-
1006	a9ac10fa699b624c7f503e7dcaed40fbcafcf053	2026-01-23T13:25:43+01:00	baseline	-
1007	77df21185c120c7137d0b36f60cd561b915191e3	2026-01-23T22:54:41+01:00	baseline	-
1008	553025ac7d0b8d55396e3d4e9521794109d2bde2	2026-01-24T11:25:47+01:00	baseline	-
1009	9c830634f98b690a409e3e13d17df6c377c817cf	2026-01-27T07:02:29+01:00	baseline	-
1010	d3805b027f16501b4326bd4400040243d0879951	2026-01-28T14:01:21+01:00	baseline	-
1011	0785f19850ddb9dd21ed5df86073689066163835	2026-02-01T22:11:47+01:00	baseline	-
1012	2aaa9aa0612a0109098db39175a14563c44d8a62	2026-02-05T07:25:02+01:00	baseline	-
1013	f0176e7ad3ad7467c9b6a11af930a9512d50edc7	2026-02-12T15:51:26+01:00	baseline	-
1014	391930f25cf8a6208beb2eefe5b6f9b4a3e22a2d	2026-02-14T11:24:18+01:00	baseline	-
1015	75a31bc266b3def5e97c30f3f513e96f43341f28	2026-02-14T11:29:31+01:00	baseline	-
1016	552eb1baa42c6d65a9de22f65b2922fdc145541f	2026-02-14T13:10:34+01:00	baseline	-
1017	40bda0b3736f9fc5d96c02f970d0ef55748c3ed9	2026-02-14T13:11:20+01:00	baseline	-
1018	94ec86d333889229c4190a0d91fb9b031d02b116	2026-02-14T13:21:17+01:00	baseline	-
1019	3461fbb4c2feacd83414ff6e782835259eedb232	2026-02-14T13:25:40+01:00	baseline	-
1020	21f4f0575591d7097e576edd7983daf23c1e4afe	2026-02-14T14:16:09+01:00	baseline	-
1021	3abfc80cdbc5994930ac77d66ae4e9bac153e5c6	2026-02-18T13:50:51+01:00	baseline	-
1022	27acc2dd45bb2e91dcadadd947354f812fa5c776	2026-02-23T11:05:44+01:00	baseline	-
1023	851b241a301f7c74646e65e4009c69cf290993a8	2026-02-28T11:02:43+01:00	baseline	-
1024	b90e77c64fb9ba94587b4284da4bb2cf28aae9db	2026-03-13T10:56:59+01:00	baseline	-
1025	3a46b1970b37df26cd2d929ecfe8d12d7fc2ccf7	2026-04-12T16:40:15+02:00	baseline	-
1026	630bbf0d7b125e7a30f24da1c1389414db19154f	2026-05-26T14:13:54+02:00	baseline	-
1027	2010a1126f132431fcab47478928e4a0ea182443	2026-06-04T18:51:53+02:00	baseline	-
1028	4b31df3a2e0eefec04c017a82a00e0f08541d3e4	2026-07-07T08:57:20+02:00	baseline	-
